,A,B,C,D
2000-01-01,-0.5204804080142756,-0.9579892013494512,-0.9869463639575782,-1.0021822097562043
2000-01-02,-1.0988463324213085,-1.3776515719874034,-1.1614626008832885,0.3053543281477866
2000-01-03,0.7594639963763801,0.6289623290518191,-3.6722513884648915,0.4526765298543461
2000-01-04,0.2803283095262804,0.03826705318296175,-2.87989473614041,-0.7881631897419519
2000-01-05,1.058832905238542,-0.5410703144895558,-1.9309915610232555,0.33465972708998226
2000-01-06,1.7507077616650482,-1.4416691821195253,-1.4660877808586623,0.4672857723567997
2000-01-07,3.177011672052511,-1.0446507778648806,-2.5761089406424436,-1.1061799084246688
2000-01-08,2.7341165087128756,-0.7938029157197904,-1.287167729366689,-0.8949191842350855
2000-01-09,3.173377327024748,-2.3890491708513877,-0.9544607195571619,-3.0675842706164635
2000-01-10,2.807623229115695,-0.8486791031975667,-0.2024869601827448,-1.7009260076836719
2000-01-11,2.250917132481893,0.11283262961091323,-2.5429858025164123,-0.7116911157349859
2000-01-12,1.5586338338542984,0.19498398879315376,-2.588188988937546,-1.389769794163747
2000-01-13,3.4284767087794883,0.6181003110818771,-3.6909309140968016,-0.8922777446592995
2000-01-14,2.5468400086637812,0.7638337433288297,-3.6687285144568142,0.0036609949617233406
2000-01-15,2.27720946888066,-1.1280904125863938,-3.671393800061335,-0.06192875951380418
2000-01-16,2.613165858954773,-0.6739300485955014,-2.1285556099568055,0.7105073819845383
2000-01-17,0.9775080368324593,0.2135837790683176,-2.2364861886903378,0.28465511306497904
2000-01-18,1.8464505348210078,-0.33203266852888513,-2.7500379310341923,0.6448545337356796
2000-01-19,2.893475788764224,1.2984291548031468,-4.158697316248091,0.20238874392348638
2000-01-20,1.3084137456295082,0.6550497715028302,-3.9485984231964513,-0.6385291283511844
2000-01-21,1.7554494124857354,1.1568480064235862,-3.1356804862245546,0.24978877202033645
2000-01-22,3.1257395395428285,2.5622317615946932,-1.8961803864154445,0.2549425054276748
2000-01-23,4.766917368285961,3.20623798344012,-1.9274320171121746,-1.6911859487288625
2000-01-24,5.218551440279258,3.709316490433814,-3.0686005410638084,-1.1168834466335116
2000-01-25,5.535805752828592,3.7702248773824736,-1.4917967353120662,-0.5998307579486325
2000-01-26,5.270519901132627,4.619393956036792,-1.7515432616181807,-0.9713108160425348
2000-01-27,5.489731380291673,5.547240604064608,-1.459910106973222,-1.6566790892664534
2000-01-28,5.47758668672475,5.374657162696004,-0.47128367103536606,-1.2411516236295979
2000-01-29,3.529630492712755,5.714958323554103,-0.46853217257944585,-3.8501563479710494
2000-01-30,4.242628715755597,5.352258559167291,-1.6131074349277013,-3.9522930612400953
2000-01-31,2.3129707522640386,7.5584684318896915,-2.500065083946169,-2.4433527300672138
2000-02-01,1.683508145170502,6.532141084337871,-1.2745406217354467,-1.4476617233397908
2000-02-02,2.3675082525466284,7.808629617617354,-1.0577739110125246,-1.1825476785186666
2000-02-03,2.1610268559851162,7.6443641090341075,-0.4647417399496091,-2.1932250960780135
2000-02-04,3.120818927063302,8.8430266638252,1.1255000414455494,-1.6383121440018429
2000-02-05,4.0870211809315995,9.25222948885949,0.041757648593623076,-1.7391296869792197
2000-02-06,3.857941700096571,9.736942281900342,-0.4347095869957165,-2.643052126441817
2000-02-07,5.629733475336369,9.328514961148608,-0.8250467113600561,-3.382685308593298
2000-02-08,5.903925824785935,8.746557699140338,-2.463321944372302,-1.8349229937869127
2000-02-09,5.977903706237568,8.384140614609931,-1.3383986910241317,-3.5182697130821228
2000-02-10,5.113739095060161,8.594899563874561,-2.2191127981674885,-1.3825317084304962
2000-02-11,5.494062637987862,9.204222192782618,-1.9969756006178279,-2.5286915090816153
2000-02-12,3.5445784828621516,11.472453962875843,-1.731670277740791,-5.131821168573449
2000-02-13,4.4413827714195095,12.856847816428054,-1.072819208238622,-6.380274380649764
2000-02-14,4.820626396028724,13.999217302178621,-1.7819499617368764,-5.598058169621005
2000-02-15,4.347875955828408,15.095650242340396,-2.649385180522105,-6.388131916148491
2000-02-16,3.079964549551531,14.885886736168214,-1.2902046077459672,-7.028393503566013
2000-02-17,2.636007578139718,13.414465325254202,-2.030460539890947,-9.079862423420517
2000-02-18,2.6859624764314036,14.322128485987603,-3.448249570427344,-9.364558797103003
2000-02-19,1.8629254629532594,14.316749231033306,-3.766195880558035,-8.47522618117711
2000-02-20,0.5886783324189346,14.311249436996961,-5.974112427631555,-7.8224239360425445
2000-02-21,1.1475265407573618,14.211558606948683,-5.897637688692629,-6.716122968747003
2000-02-22,1.1972372641526712,13.058229764730129,-7.0293928373116845,-6.10509349034567
2000-02-23,2.061406150114926,14.35006803675136,-7.38508164213459,-4.696126659087403
2000-02-24,2.972336031019279,15.09492554152264,-7.014692763494395,-5.454518817113419
2000-02-25,1.386991465807676,15.677791899228888,-6.878476383598857,-5.121963906672024
2000-02-26,0.22811623853485097,17.022485499965455,-6.184474571009198,-3.850216898433696
2000-02-27,0.32553223975005946,18.329199461013857,-5.295351225834205,-1.3355620394157577
2000-02-28,-1.628193947681745,18.464645266399263,-6.621498089763401,-1.4009015095629411
2000-02-29,-2.4606866387871644,17.114741948146506,-6.801552705092755,-3.9333720680112165
2000-03-01,-2.7120572781476717,16.85388585057117,-7.864504832334729,-4.686916575137609
2000-03-02,-1.254310686325095,16.336597021675946,-7.256581208789236,-4.039619024842068
2000-03-03,-0.6935464011688881,16.460709394562798,-8.644941254431046,-5.15612027438389
2000-03-04,-1.8704554406144485,17.66997752262419,-9.904901040921475,-5.593107181776422
2000-03-05,-1.749603182310606,18.7165178104453,-9.408882920865132,-6.640637080196386
2000-03-06,-0.6664381650823659,16.54704234395498,-10.076812963300004,-5.892305349576196
2000-03-07,-1.8202264818538083,15.841360867550437,-10.23531245361713,-5.1013572098488025
2000-03-08,-1.9338835335811289,14.668603905387492,-11.703404210921509,-3.910130072735329
2000-03-09,-2.231710478148779,16.338122382959206,-10.139959132247002,-4.2261304070779655
2000-03-10,-3.6878693579796957,16.691933958266848,-11.946775611828071,-3.6006106742904955
2000-03-11,-3.9800024792118034,16.16803181200968,-12.308078264052188,-4.239426031011357
2000-03-12,-4.3705473144280775,15.608317497458568,-12.556484921501696,-3.5373034392847407
2000-03-13,-2.9318530071162767,16.321980726536655,-13.14211355534187,-3.6946922611023973
2000-03-14,-2.486165845665021,16.42312882686716,-13.643759026253276,-3.8074577131416016
2000-03-15,-2.8354755097314657,15.553438141840246,-14.877507150406053,-2.8421080118108026
2000-03-16,-3.503304734247198,16.09030603024735,-12.919324335587554,-3.088598374942854
2000-03-17,-2.461213311681983,16.106163911591324,-13.044166513948726,-1.6808205134147736
2000-03-18,-3.1303788779504016,14.487655013977305,-12.832239887938456,-1.3487962937868554
2000-03-19,-3.6839723679732748,14.952341059514124,-11.850879801369262,-1.366495028201937
2000-03-20,-5.343732076581814,15.456321052234143,-12.627300548334645,-1.1208000809916012
2000-03-21,-5.916093049830773,16.035446956308817,-12.504222198410671,-0.2505460972854835
2000-03-22,-7.201514375033533,15.898082905373307,-13.613071495211573,-0.9915844211795122
2000-03-23,-6.488988720577733,13.79076135538378,-14.908519446351654,-2.1939999786713686
2000-03-24,-6.703460117085008,13.573310611145503,-16.38464982665736,-2.5785893142849456
2000-03-25,-8.062692341889992,12.39187775912104,-17.732333511452303,-4.246026727279666
2000-03-26,-8.70142881990764,12.264505174735048,-16.419232081681105,-3.795171234415573
2000-03-27,-9.151808790193911,12.030408486285864,-16.455856491416633,-3.194805135975674
2000-03-28,-9.797045220120447,11.039196088439294,-16.168366421729125,-3.229474704128925
2000-03-29,-6.39862106408377,10.375611071447983,-15.844236626849622,-3.9219305939675335
2000-03-30,-6.199758098449747,9.488070880805857,-14.94073260401148,-4.098640038259861
2000-03-31,-6.2667588687298865,9.089308063235926,-15.051935955559527,-4.06043479991501
2000-04-01,-4.905897068669088,9.894296766453312,-14.2316141062967,-4.6567197311660395
2000-04-02,-7.132881781010884,9.07332925066045,-13.90730453936694,-4.202058040153207
2000-04-03,-7.14632586974752,7.794093785616479,-14.41008820089872,-4.8279448595859185
2000-04-04,-7.180760835207131,7.132195300059316,-14.821367044220707,-3.5008045325209864
2000-04-05,-8.467422744732511,7.073135426870392,-14.5510543065971,-4.092884136393296
2000-04-06,-8.449141307250626,7.040359294315791,-16.831768683935163,-3.3800336699375415
2000-04-07,-7.566529996451132,9.352728000631274,-16.284255214857577,-1.556091400799146
2000-04-08,-7.021990386230927,9.38171440294756,-14.39635479932558,-0.9625619665825261
2000-04-09,-7.022374633641381,8.606761932894388,-15.765048976776807,-1.354547061456513
2000-04-10,-7.333316553907045,7.2945034083126306,-14.914607740425568,-1.1219502670485373
2000-04-11,-7.048267225053187,8.594322252389913,-15.117195097128693,-0.5174624881360538
2000-04-12,-5.601970816168993,8.131877592235233,-16.489110356892233,-0.8915530589162062
2000-04-13,-5.689376544187422,7.559281502071666,-16.73337689075161,-0.15126676575996767
2000-04-14,-4.666923511279512,7.668065746430517,-17.066989822498545,1.2332165948688658
2000-04-15,-5.477981521475154,8.601781953795362,-16.808479561484415,0.6586977276817784
2000-04-16,-5.572648590510791,6.971662185716681,-16.82396429002631,0.9691330703418921
2000-04-17,-7.684620615755941,5.294023091389855,-16.352312854227467,1.1573764814489635
2000-04-18,-5.233388224451065,4.535837189524223,-17.136781510346744,-1.0596793088342826
2000-04-19,-4.227922957300882,4.798371041125423,-17.38562394930181,-1.0196589360995472
2000-04-20,-5.644647133761474,5.200128185073957,-18.239833442953586,-0.41391306133273975
2000-04-21,-5.7119446788271,4.5251554750599485,-18.847513804685594,-0.16082065892814268
2000-04-22,-5.038071008263463,3.562392328479137,-17.335303834974823,-0.5715200130603901
2000-04-23,-6.971328875522614,4.665808587279111,-17.595887303853342,-1.0347865308877036
2000-04-24,-7.441738872197427,6.505625865662905,-17.841643009813062,-1.3268516825356889
2000-04-25,-8.212481200870451,5.3141756084247564,-18.14155193076277,-1.1830812800909918
2000-04-26,-8.936393374586315,3.751696650208056,-17.147996255977066,-0.2892837708811655
2000-04-27,-10.073985742521714,2.397522652025865,-15.890521272114519,-0.8479881173603615
2000-04-28,-9.564577990338758,1.6039286669399977,-16.362104096511537,-0.624206680330679
2000-04-29,-9.980969839821432,2.566329591394146,-15.84467622845728,-0.21266429187568614
2000-04-30,-9.947115883113247,1.2117185998430058,-14.057905525452789,-1.077453353559442
2000-05-01,-8.208011701711138,1.7942553642956243,-12.997749097655298,-0.35080376691755744
2000-05-02,-7.83188007481139,1.5946388063929693,-13.500125505017435,-0.5016435461510637
2000-05-03,-9.508929812996204,2.613419990134307,-12.598808450635053,-1.2902721385613463
2000-05-04,-7.961873694081821,1.8604036088211144,-13.692275349244886,-2.9846479004401516
2000-05-05,-7.237298194946799,1.384131539261413,-15.111622642620151,-4.75859561510136
2000-05-06,-7.048093577914071,-0.46096351602716434,-16.589541142117273,-4.721241526961977
2000-05-07,-7.858628945935836,-1.1795227984531649,-17.0002447302091,-4.204975155334168
2000-05-08,-7.0997621771137505,-1.7783995659769225,-16.870437958926296,-5.647303473307092
2000-05-09,-7.163834245861389,-2.87819612732764,-17.8400820578247,-5.1319209767272005
2000-05-10,-7.540581500772183,-2.37639729732695,-17.464739497404075,-5.139503310299216
2000-05-11,-6.348695834997752,-2.5626313555611473,-18.032162078974707,-3.0526466218636075
2000-05-12,-6.0270533560792705,-3.0634942061849046,-16.64239463093624,-3.1447364410333822
2000-05-13,-6.657188030924972,-4.0972191298416805,-18.204489501634427,-4.501068006725305
2000-05-14,-8.226030011315249,-3.338839436286939,-19.047786523048405,-4.351369420539171
2000-05-15,-9.82887002142704,-2.668226862538764,-19.015638124612355,-4.533751956482054
2000-05-16,-10.004155868730335,-1.892300881834462,-19.811199575001687,-5.339781024493473
2000-05-17,-10.259251526987892,-2.6579917295488036,-19.79682281425425,-3.3424358820189077
2000-05-18,-11.647535382009298,-2.6745048816395123,-19.475328015797253,-3.423720095749649
2000-05-19,-11.899532888097138,-2.9470480224005713,-17.70152302235541,-3.8390079484800372
2000-05-20,-11.126528674455363,-2.7133364782955622,-18.09359125694336,-4.401909352336023
2000-05-21,-9.550663662537294,-3.015050370519709,-17.547425459669654,-5.271866820148249
2000-05-22,-9.366853085727069,-3.406251214629476,-17.172020164829796,-5.340064036608546
2000-05-23,-10.175943972010995,-5.033498383283897,-16.353956872525533,-4.800235433270431
2000-05-24,-8.356261668187514,-5.231210438695475,-16.561257818025663,-4.166855242733536
2000-05-25,-7.990924378471545,-4.065468608358167,-15.660055304253135,-4.949205761215117
2000-05-26,-8.980391726207715,-2.188885612778913,-16.894322804333136,-5.607190665015901
2000-05-27,-8.02583319480592,-1.5751599598789479,-17.891760307157373,-5.825338732787416
2000-05-28,-7.955718851463005,-2.1969674895933635,-17.605792333914614,-4.807788038621429
2000-05-29,-7.593742212926229,-1.9554625039358597,-17.656995073732247,-5.145976820856858
2000-05-30,-8.372967638819508,-1.1923514165434164,-16.366246641352102,-4.4860016490336045
2000-05-31,-8.469174752379029,-0.9924913597238347,-16.77011759946266,-2.664777365375153
2000-06-01,-6.15112799404052,-0.633803031033946,-16.245549429039617,-2.4810823749234774
2000-06-02,-4.460100464137669,-0.3127558012885034,-15.154052206344,0.1795808371703549
2000-06-03,-5.820556233290549,-0.24146675738426027,-15.182781450026893,-2.3367444171765492
2000-06-04,-8.222005846583059,0.2412204389063755,-13.31418810103613,-2.5971609332392203
2000-06-05,-7.651282992883233,0.23843773165930637,-12.818909321339136,-2.940135788438823
2000-06-06,-8.898054010012132,1.3539595060053498,-13.13208921357266,-4.221596409975503
2000-06-07,-8.37624258583467,0.8378338952306289,-14.530448748373868,-3.8337875879690952
2000-06-08,-7.1681065154641015,-1.3433889940871997,-13.639169620507444,-4.289993548417121
2000-06-09,-6.100822903416541,-0.18107446573478891,-13.99466395453481,-5.352039479794507
2000-06-10,-5.531712316316264,-0.4691992065357064,-14.026931917936263,-5.772582222017877
2000-06-11,-7.627678817003277,0.2517311204338068,-12.77799928554369,-4.127950279369964
2000-06-12,-8.22002512484478,-1.3062423954751965,-13.170304406443451,-4.7131997655165545
2000-06-13,-7.084158349809844,-2.1275793118989745,-12.886937055104807,-5.216154136238823
2000-06-14,-5.804164022658844,-0.6008629176025202,-13.441838545413733,-4.06148171305929
2000-06-15,-6.149000553167541,0.0760220720663195,-13.263637262931606,-5.190599743915165
2000-06-16,-7.2544642801236945,-0.6409468438252965,-11.15459733883865,-4.053942447019317
2000-06-17,-6.196700020327415,-0.5396012208225685,-11.27771048511033,-3.7197975140171735
2000-06-18,-4.306382364259301,1.2742846525701481,-12.415544226090656,-2.824612927141425
2000-06-19,-4.437862904612072,1.5265529064891514,-12.359290807607803,-4.337706677283823
2000-06-20,-4.09257051153206,1.9206223079592173,-12.287512895022891,-5.861826255379412
2000-06-21,-2.8126626284904868,0.7032159783125471,-12.77907436284246,-5.07680498172689
2000-06-22,-1.530315621984158,0.44039785945571036,-13.182330163959342,-5.379295145694027
2000-06-23,-0.881626014942496,0.527856960041569,-12.764740980955144,-5.003843551018393
2000-06-24,1.0878922548954186,1.4624276458106087,-13.30120326945851,-3.728619677916888
2000-06-25,1.0267086867570845,-0.8031172335538839,-13.730388857608634,-3.059965512317237
2000-06-26,1.0330256035867311,0.72803982913647,-12.311156636010926,-4.391159788682237
2000-06-27,1.16640226655662,0.6928815771649671,-12.553927743010407,-3.308710552335644
2000-06-28,2.359528430879856,1.5179158418973606,-13.857794020202672,-3.47276575010093
2000-06-29,1.160964256692745,-0.4953289583253495,-14.203182267603097,-3.311880686029844
2000-06-30,1.933453484783227,0.006951334458956793,-14.044947458558289,-3.0126969473708693
2000-07-01,0.9596603238319609,0.3918896866910813,-12.987101217374306,-2.7576008586998864
2000-07-02,0.726556199772789,0.21984684716383637,-13.123560233955946,-1.2462601253939818
2000-07-03,0.5833391485794238,2.330910410468672,-11.861440461664703,-2.550536541785384
2000-07-04,1.0564231285765655,3.2420443365413707,-11.803518351029355,-4.297224088844015
2000-07-05,-0.7679824611648056,3.6347977585470908,-12.569151944609597,-5.597552472728552
2000-07-06,-2.227241056273688,4.521700810476449,-12.690170241668165,-6.40570673300395
2000-07-07,-2.302994364205511,7.024368277435791,-13.873442190216243,-8.319280558310016
2000-07-08,-1.055986228771495,6.965330593620996,-14.14003671954643,-9.674962769031278
2000-07-09,0.6920379086082091,7.473914070965467,-14.287648962847793,-9.832823015945596
2000-07-10,2.7188963400855704,6.542699055632395,-14.328832946804793,-8.514458452409176
2000-07-11,2.461267250029639,6.968858316499819,-13.00238361149871,-10.26190927671524
2000-07-12,2.350251122980276,6.408760678329465,-12.276661103736885,-11.028011432828864
2000-07-13,0.5463763627831251,7.200680615373072,-11.620437651438175,-11.079330603405499
2000-07-14,0.7988857633742501,6.691685993263114,-11.22444650008552,-9.606444763640019
2000-07-15,-0.7703143193081294,7.424200013789854,-10.366869985138617,-9.554077363883218
2000-07-16,1.437653785846911,7.33815894482154,-11.871478224080068,-7.805629195864088
2000-07-17,3.3397103313143637,8.948093233068542,-12.375670357784976,-6.9705321404468465
2000-07-18,3.67897861753062,8.81413677982761,-11.050973848772681,-8.393071854643914
2000-07-19,4.410125137564792,9.3601907322644,-13.150093519376924,-9.66861656823858
2000-07-20,4.74290265554648,8.387612670834041,-12.250680691798896,-10.247532545677252
2000-07-21,3.7647185184414846,8.428102711139314,-13.405155448121533,-10.0177579717065
2000-07-22,3.965716282593217,9.963806417016944,-14.762967319383653,-12.149387107645115
2000-07-23,3.310374589725278,9.922104228466614,-11.224502157728262,-12.51832880197526
2000-07-24,3.974568748282662,9.164127298122164,-10.905934735324246,-15.227489785324723
2000-07-25,4.090046757008965,8.63512264230417,-9.19355574913789,-15.196861306845143
2000-07-26,3.6335762325582848,9.600747342010802,-8.845171927898908,-15.221967074063123
2000-07-27,3.1366135536699833,9.298667840891234,-9.067183523632606,-16.690271099346596
2000-07-28,2.698954894796197,10.118663690524821,-8.33153110603944,-16.965746716483388
2000-07-29,0.9198365508854089,10.01012772781514,-8.425388976742548,-17.95360488716674
2000-07-30,0.2573012194307829,10.082044486665053,-8.808909299321373,-17.914598567767822
2000-07-31,-0.24285128641864628,10.441145721427567,-9.620829805358703,-18.934348783029048
2000-08-01,-0.6587713386346727,11.296104625997279,-9.725126594721822,-19.494949669384162
2000-08-02,-0.5253211552017603,10.737273355496418,-7.761482343896439,-18.811686467415218
2000-08-03,-2.419469291703479,10.43273640637149,-7.299894474810701,-19.056914961248612
2000-08-04,-2.4294818567250434,11.851525126860079,-6.441505857371366,-19.240088925619638
2000-08-05,-2.3402887004761843,12.45065775312607,-6.155392041789923,-18.56186439189381
2000-08-06,-2.5888731588467238,12.045436212225628,-6.327336479297646,-19.61494297640822
2000-08-07,-4.139271877994041,11.936999136189227,-6.730631929356722,-20.061779442974505
2000-08-08,-4.836621175263804,13.198345463105294,-7.791128973362049,-21.72435061994767
2000-08-09,-4.713240214904586,12.725664293613741,-7.275834117220566,-21.444097679262406
2000-08-10,-4.052071420584583,13.83636598937566,-7.541628473230039,-22.73754977974729
2000-08-11,-3.2976070856524755,13.706134720944155,-6.832307310703065,-21.48236550028113
2000-08-12,-3.9429613910604653,14.547043767165894,-7.771684382539208,-20.597593550958
2000-08-13,-1.664886029159108,14.379232844896906,-8.63990675915384,-20.491235206735578
2000-08-14,-2.6135242718047786,14.60662383485804,-9.21920946161426,-20.510797765002643
2000-08-15,-4.00103320860639,15.197874232413191,-9.826932115749704,-20.410059939514987
2000-08-16,-4.325253290712426,16.555768514151186,-11.322139633415354,-19.26028138110906
2000-08-17,-5.615248288217851,18.31276699602017,-12.111920856745149,-19.409238857658142
2000-08-18,-5.200456874137551,17.154330370349822,-11.766266182033931,-20.36609557792497
2000-08-19,-5.392343685690057,17.23676242770551,-13.981573982619114,-21.20668538818843
2000-08-20,-5.2829517795864405,17.28147386485898,-13.420728635055937,-21.35352169703876
2000-08-21,-5.821681131496917,17.13058871499051,-14.27418035602016,-20.895758639865488
2000-08-22,-6.84066739174811,17.225866614927014,-13.78938643860309,-20.82352118456586
2000-08-23,-6.240598134004878,18.21030756044811,-12.989192136098623,-20.906797589751545
2000-08-24,-6.346206261567178,17.638576391234203,-13.14585282922926,-19.466979301040343
2000-08-25,-4.963052697222611,16.003866205303126,-14.265190573333301,-19.961747294786633
2000-08-26,-5.703392737894273,15.051873683785402,-14.842273520091615,-18.674049812879268
2000-08-27,-5.918697500669809,15.38831609047672,-15.365858057299727,-19.382823856686986
2000-08-28,-5.907672711698717,14.247475657742118,-13.29836109971024,-19.68896531480644
2000-08-29,-6.735676830801383,12.78534146565686,-13.918791826838921,-20.55387244114504
2000-08-30,-7.783706728736526,10.368192440014662,-11.230604309249712,-20.873766833061158
2000-08-31,-8.352746512926547,10.240023064307367,-12.338832353217606,-20.74008111053774
2000-09-01,-9.079184832894265,11.479932788600305,-11.0868612213059,-22.220164195841384
2000-09-02,-10.189377400616562,12.27243099668295,-10.28002878616979,-20.99799958177137
2000-09-03,-12.501966761106942,12.190600482821965,-10.143505046156584,-19.109911488017172
2000-09-04,-12.99595397849804,12.33827172626761,-10.112582685250013,-20.884372549280755
2000-09-05,-12.506011150817242,10.812315181524134,-9.094458251909,-22.367136836268877
2000-09-06,-11.007440544385158,10.56975793760281,-8.655195573600736,-21.670310277377766
2000-09-07,-12.223263539920934,12.34552857925246,-8.003533253471401,-21.159426099691697
2000-09-08,-13.177145840844323,11.116919964506865,-7.201068529589559,-23.16519207333753
2000-09-09,-13.351167245151313,10.278975841618134,-8.067390953360825,-22.80225073145039
2000-09-10,-13.631640741789406,9.938352082016404,-7.245488705915326,-23.690883491351354
2000-09-11,-13.467889565786674,10.799981090451764,-7.700169094483208,-23.69547536921487
2000-09-12,-15.543552677357091,11.220800796306026,-6.16277119000798,-23.785513936487515
2000-09-13,-14.981544865216321,9.734427210195905,-5.454744003201384,-22.690418274811652
2000-09-14,-14.74650142137648,8.8991693894035,-7.595016778058353,-23.81109901830967
2000-09-15,-16.015070003646102,9.21707635178435,-9.22161997714926,-22.849614493505253
2000-09-16,-15.947169801502378,8.300033074905704,-8.48194917393737,-22.403608118999863
2000-09-17,-15.997972792783434,8.562832981979824,-9.450929934737749,-22.528723566935863
2000-09-18,-15.378421500893397,8.050706142691018,-12.095867009174812,-23.532794871848175
2000-09-19,-15.618402338403898,8.109519088798722,-13.03312947726286,-23.954292315821995
2000-09-20,-16.802886804297653,7.923181520627242,-10.994408109634826,-25.46207109509579
2000-09-21,-18.421631195790756,8.215117887546214,-12.855310988176647,-25.20460011194772
2000-09-22,-18.08205349989807,6.875810175680322,-14.954024310391194,-25.2188305855525
2000-09-23,-16.44267032229171,7.98559272889432,-14.381214484361173,-25.060476567535314
2000-09-24,-16.65899671806211,6.990965541598552,-11.909747316569838,-25.184019751976212
2000-09-25,-18.432366484922632,5.8464220652917245,-12.82322060865805,-26.3485890699497
2000-09-26,-18.454426307155874,4.740937862340243,-13.309415107641684,-25.945428938585323
2000-09-27,-18.60507411179439,4.849630192918504,-14.034048170328376,-26.217456422087086
2000-09-28,-18.552439183001386,4.220742037971312,-11.202443091586966,-26.268917298091097
2000-09-29,-18.63351893500353,4.942059869317786,-11.503354743939763,-25.962955232972963
2000-09-30,-19.293691989600354,4.1321166767084465,-11.607258893226668,-25.37388902786184
2000-10-01,-18.597589305329457,4.19335558439461,-11.445306862503548,-26.289702925302052
2000-10-02,-18.66833863976199,2.7991582916556528,-12.776702474902349,-26.087367319892472
2000-10-03,-20.803627168483604,3.9097205531564407,-15.089440772334132,-27.746503544184545
2000-10-04,-20.79205267044941,4.1021955765436005,-14.966563594713994,-27.920165160322327
2000-10-05,-22.497629365237703,5.07696338563795,-14.877104368576113,-27.858070819722087
2000-10-06,-22.35712695277303,6.6814818321751375,-15.967271638005638,-27.968185569556294
2000-10-07,-22.310143233070512,7.166591864879076,-15.81578360925052,-29.607704383597213
2000-10-08,-22.4631708748151,6.456155859661985,-15.10698675785104,-30.603734299574388
2000-10-09,-23.585201981920786,5.686238472325946,-13.38108307913595,-30.579708570772034
2000-10-10,-24.720939129204602,6.318571350526468,-14.77654545660987,-31.59636676874869
2000-10-11,-24.869430945543126,6.402942398633258,-14.655200727324823,-31.351360654517745
2000-10-12,-23.661283021414967,6.110023136458811,-14.169634490759199,-30.133872576092568
2000-10-13,-24.107861791855296,5.1875329521580555,-15.891755848897908,-30.84986147445776
2000-10-14,-22.339095914156058,5.07983765192712,-16.641899038363693,-30.746990756098484
2000-10-15,-22.58175299368024,4.826148329010958,-14.727049584601788,-31.395335072228384
2000-10-16,-22.601186406115566,5.912713924418913,-13.002523185685611,-30.080276019316003
2000-10-17,-22.68501499719862,7.224342834787137,-14.199706361719025,-31.203413029434184
2000-10-18,-22.007202983814086,5.535585315011246,-13.04383244705394,-30.818202585189592
2000-10-19,-21.127769377094744,5.440345624700095,-12.511328757538726,-30.474696287391197
2000-10-20,-20.755901155028102,4.3062700574994714,-12.694820966429347,-30.807280435511927
2000-10-21,-21.09012174778163,4.2636544128466785,-11.87323754646213,-32.46286475786044
2000-10-22,-21.90918178355524,5.216235712503956,-12.444835874680887,-33.889956421522946
2000-10-23,-20.601183669812063,5.300682743682434,-11.310713660927735,-34.56661532689159
2000-10-24,-21.564074658706005,5.012397638580355,-10.901136036511472,-35.69558196952818
2000-10-25,-20.003959249800424,2.891168525611878,-10.998903924124317,-35.73069621462401
2000-10-26,-19.45569837714632,3.4316927791453744,-11.443451841546848,-35.09328075112104
2000-10-27,-17.251431327036062,3.738408689268443,-12.195935147829674,-33.99862423734
2000-10-28,-16.035919515148468,3.4268709616730617,-12.487196057274955,-34.74781906257941
2000-10-29,-14.896143835122349,2.782947819571299,-10.806703560428044,-35.09586108150759
2000-10-30,-14.627063701805028,4.153776846744686,-10.121227540172166,-36.794121804536715
2000-10-31,-15.735460031252448,3.247842175610319,-8.405830928784539,-37.368511154455184
2000-11-01,-17.69545548012204,2.3888178952598773,-9.10627046556126,-37.49733412670074
2000-11-02,-16.510841836530616,2.4097280253968347,-7.269733628103694,-37.32210912222407
2000-11-03,-16.909014214938622,1.4340716923887467,-7.233873403739391,-36.78003993453519
2000-11-04,-16.708950982153173,1.5249347761496976,-6.539588801199061,-35.53779874277889
2000-11-05,-16.593360697130237,2.4061674897405454,-5.489304394462459,-35.48191163971276
2000-11-06,-15.667038112583322,0.6891383363610892,-5.467651856397669,-35.626196085291646
2000-11-07,-16.725573147896476,0.02725929757792034,-5.439967601204921,-35.875231538362975
2000-11-08,-16.711904584413706,0.7516388900553564,-3.592173357040679,-35.920278551066346
2000-11-09,-16.330167630230815,1.8794121285977123,-3.3407956268459658,-35.32164405438957
2000-11-10,-17.65425768812982,0.652203876069205,-4.35267536420526,-34.521564234001275
2000-11-11,-17.584150090291725,-0.7145775360736539,-4.106663281496189,-31.90203940723767
2000-11-12,-16.65931751704461,-2.2043224985575165,-5.000376630001224,-31.31941143002383
2000-11-13,-17.212335777250402,-0.7010942940251919,-5.327039786388898,-30.4073936131613
2000-11-14,-16.71210355135206,-0.6937482547102317,-4.634793985756119,-31.69839444036575
2000-11-15,-17.480195753221487,-2.2549590106039172,-3.8498479148069893,-31.897247927691556
2000-11-16,-18.42391501912396,-1.7189888843124006,-4.43382668261139,-30.263084924298877
2000-11-17,-16.20421785694795,-1.2542930253923148,-3.6307460178284945,-30.71933647883695
2000-11-18,-15.953653474678834,-1.885134694150497,-2.946334739738448,-31.877472440206418
2000-11-19,-15.686318292845067,-1.5287071451487617,-2.8019115005614452,-32.637992744622785
2000-11-20,-15.530264553657107,-2.8900543616030197,-1.3398783352067174,-30.897059257077885
2000-11-21,-15.683190097372671,-3.9249645989915276,0.48455589730207693,-31.178676746422077
2000-11-22,-17.301801614092135,-4.915784525824348,1.2840385140719448,-28.445916393489004
2000-11-23,-16.399383079660254,-4.2243777478405145,1.9940034705773666,-28.761030606812252
2000-11-24,-14.458118025007405,-6.202708740672071,0.09783765645572529,-28.329923430086716
2000-11-25,-13.900826974443804,-5.424815817444144,1.358159816993256,-27.64095019204693
2000-11-26,-14.93526135545131,-6.030442285086155,1.3983899071340744,-26.66912601593927
2000-11-27,-15.908116668778588,-6.510837878852022,1.4388454676886473,-27.19541209002411
2000-11-28,-16.155595328341068,-5.510462084771293,2.7577577085759577,-27.095041490353218
2000-11-29,-15.186956042535131,-5.414726648874876,3.2459889723393935,-26.702433917599624
2000-11-30,-13.471802770874703,-5.681945450723687,1.8241728355313929,-24.673975527768086
2000-12-01,-12.067027826820215,-5.948910341469124,2.652507341310131,-24.879375537102025
2000-12-02,-10.925883416421275,-6.318425025644689,0.7163019790901903,-24.267272211346825
2000-12-03,-11.706779787316306,-6.284459220343493,-0.8485540807157528,-24.268461149494858
2000-12-04,-13.570169385642773,-6.6434753497309496,0.21459087805296306,-27.710868135934543
2000-12-05,-12.097219767931577,-6.779764184419664,-0.2534814539441768,-27.138510265258763
2000-12-06,-10.493450856456063,-4.510897564287619,0.03159086727017202,-28.555110524455674
2000-12-07,-10.15828508161977,-3.727812941272756,0.3981710726681108,-28.35734598447929
2000-12-08,-9.137545027832807,-3.317364417330019,1.0924803819779916,-31.050765714798004
2000-12-09,-8.737622943357096,-3.2614163608446685,1.5576448705538632,-28.922172246603946
2000-12-10,-6.3878759726728385,-3.572938915369682,0.8844112383966874,-27.726881589173352
2000-12-11,-7.410802130496348,-3.6499376473578744,1.4974562065772534,-28.045612998663316
2000-12-12,-7.937099636336081,-3.8304996716288433,1.0338494551484194,-28.7447610766721
2000-12-13,-8.649279714683962,-2.793842646632484,1.185014533531203,-29.33645087834538
2000-12-14,-7.042138154122133,-2.4268362129226535,1.2927611168626263,-30.376885544888246
2000-12-15,-6.91940178566759,-2.9144006206807465,1.3238717038728693,-30.287852106209275
2000-12-16,-7.634285550015088,-4.900569444230909,0.8061396038975519,-30.650542987672033
2000-12-17,-7.949785165174207,-4.8146385019090445,0.8075489098790261,-30.983240094931794
2000-12-18,-9.910142146170802,-3.846550420742127,1.8358438681032905,-31.860656326978678
2000-12-19,-10.044259358069914,-3.997884663950322,2.4399607651482933,-30.724197689163095
2000-12-20,-10.768223284968212,-3.94288510281006,2.9887966198086238,-29.871808552214105
2000-12-21,-12.698153134170681,-4.528648267653808,5.367522784414594,-30.076754456664034
2000-12-22,-11.345384046492635,-3.684730203930052,3.456938698778285,-29.31045812111768
2000-12-23,-10.41829385126565,-3.0637537261580885,1.9922934919377773,-28.840592430949123
2000-12-24,-8.495212181738182,-5.546806267286094,3.6301808606781276,-29.568889577311634
2000-12-25,-9.661810917170165,-5.371443768406241,4.589930493228111,-28.73584007110717
2000-12-26,-9.666168294682524,-5.266415885227005,6.183668018615168,-28.915369141876983
2000-12-27,-12.158256974662073,-4.302558773613707,6.161440847566265,-27.584943932239476
2000-12-28,-11.291238838280735,-3.872300466528704,4.139841442891788,-28.130835451009528
2000-12-29,-11.290908706723087,-3.02166266480563,3.729151752087491,-29.294831984830044
2000-12-30,-10.273084812177771,-2.0651628096577475,4.044722573179889,-28.240649087317856
2000-12-31,-9.800974009754006,-1.282050406076946,4.835163988790174,-29.239847907572962
2001-01-01,-8.998792546728556,-1.6309686869481284,4.38043482606183,-28.305156646594817
2001-01-02,-9.138603720617278,-0.18324123295778127,2.445467432518866,-26.873173837478834
2001-01-03,-10.462131609967066,-0.8555637608481776,2.021788397036398,-27.42718187909228
2001-01-04,-10.271954601690407,-0.6735866353027149,2.62512772188476,-27.31429342119154
2001-01-05,-9.475717914134021,0.1362543207450938,3.026747009168443,-27.05738205637366
2001-01-06,-9.178978616673824,-1.2733279315544577,3.5124978490357632,-28.92975134588975
2001-01-07,-10.048522400378287,-1.8082963434176584,4.331794411224732,-31.135149818825113
2001-01-08,-10.152996986779561,-3.2556368455763947,4.083105998048364,-30.46868003085788
2001-01-09,-8.767325425967371,-4.783746428826496,3.8872620684040515,-28.937577224151088
2001-01-10,-8.30030312643464,-4.435698943244598,4.661821924744674,-29.82450556539049
2001-01-11,-7.4333881945521405,-3.9723421958288716,5.348511758701925,-29.28714933306667
2001-01-12,-6.1802640725189315,-2.9159603744087343,6.226144407593914,-27.967702296148843
2001-01-13,-6.109782081058618,-3.0453608053178947,6.081296979213959,-26.93127287656195
2001-01-14,-7.107600636750547,-3.2135531784861096,7.187657415927314,-27.147151284722614
2001-01-15,-8.856306440851878,-4.060676573013808,6.111629955379073,-29.11970338252065
2001-01-16,-8.506032394423318,-6.490981305716034,6.175219213659408,-27.5655297052714
2001-01-17,-8.51854093024753,-7.301575089521396,5.111411077721835,-27.436192829162135
2001-01-18,-7.884000731399163,-8.01456172385506,4.013737556385961,-27.59407552760755
2001-01-19,-8.950674176446698,-7.863279468516842,5.067088864718515,-29.38108950939605
2001-01-20,-10.420535413130809,-6.296996900106011,4.673445091930631,-29.295916060230315
2001-01-21,-11.234424050081092,-6.123443531857841,4.4169715518883494,-30.2781320353806
2001-01-22,-9.65784755054442,-5.841935602150932,4.458806511762524,-30.085757121042146
2001-01-23,-10.246719413524772,-4.869631842117244,4.255428374888993,-29.122841962407662
2001-01-24,-10.467131689355297,-5.236461497661898,5.131712905475,-30.584728010356127
2001-01-25,-10.403891514796301,-5.00821538972891,5.174722933186791,-29.968547929706695
2001-01-26,-10.924546430896383,-5.272737925875211,3.7103580622876438,-31.260952339804394
2001-01-27,-11.760083825555606,-3.256859717870166,3.605112843676245,-31.281957836019316
2001-01-28,-11.722062486358608,-3.9492295341797674,3.7605385679564765,-31.090402576001495
2001-01-29,-11.986455442989362,-4.048904576724657,4.702521241270193,-29.980553545833317
2001-01-30,-11.25211318726858,-3.7398016678977473,5.65145502413501,-28.724427709303882
2001-01-31,-11.50146812666419,-5.182138857629034,6.393138413584621,-27.86941415021321
2001-02-01,-12.321169145670519,-6.046151333074424,4.634416065058908,-27.97250710144566
2001-02-02,-12.118212289579668,-5.412829001852893,5.129480089398323,-27.400643112779086
2001-02-03,-11.714821822017528,-5.181640338166286,5.84187555770556,-28.37701934981385
2001-02-04,-12.270152234870569,-4.28700544507387,4.026533482650941,-29.732318197837838
2001-02-05,-12.766015160845038,-3.7068058169192715,4.262456117953155,-30.761067063799405
2001-02-06,-12.869827837633313,-3.613131420118854,4.058192157676173,-31.336462933332783
2001-02-07,-12.518064238851265,-1.7273530587117185,0.3751601508614719,-31.565299808889804
2001-02-08,-12.74324805606943,-1.9664912179533545,-0.30623717607580414,-31.68198485203542
2001-02-09,-9.52697419996783,-0.6878215424423677,-0.07318765552167009,-31.325135973236204
2001-02-10,-10.156610159735575,-1.4303156517775466,1.671076201769945,-31.496457437636337
2001-02-11,-10.50561745799287,-2.093922797021671,2.192982541458291,-31.091087581726786
2001-02-12,-10.011057994324709,-2.592909543388967,2.99547827977485,-28.81955436065003
2001-02-13,-10.618456867673684,-1.4900989596341994,5.213430015045706,-29.405962946770455
2001-02-14,-9.955369642359502,-0.8669144750548422,6.691066582176109,-27.588373227315508
2001-02-15,-11.406093122744583,-1.5278600536992502,7.225211816777938,-27.230539757286373
2001-02-16,-11.868472900649174,-1.6747079081330136,7.411397831290245,-27.83035869637714
2001-02-17,-12.18221239956217,-4.011867863096272,8.82541405814707,-26.952401957868435
2001-02-18,-10.424793373483963,-5.177187517418278,7.309713935250196,-25.40752167475419
2001-02-19,-9.954768875280088,-4.486018546954746,9.382210582067689,-26.25710515621129
2001-02-20,-10.597948676415749,-6.40082236530637,8.322433959443503,-26.39185866589836
2001-02-21,-9.624728292189376,-5.66453138664236,11.2818786964093,-26.582924792357602
2001-02-22,-10.044771417329956,-5.96993522144179,11.06493910666693,-25.901296958196063
2001-02-23,-8.671307950870707,-6.02190883675974,9.779986659077617,-25.81892780313589
2001-02-24,-9.347033549835851,-5.369785186802096,9.737366886507045,-25.235210874028944
2001-02-25,-10.625612187584238,-5.288576797454068,10.227537196183471,-25.24697996133545
2001-02-26,-9.636846969100576,-6.655688845686036,10.794434015012577,-26.153705019213604
2001-02-27,-8.640326964718406,-6.22562357762199,11.079054959064864,-26.268870391442167
2001-02-28,-9.59826970113433,-6.984877772545693,13.368203104717264,-25.35321893985056
2001-03-01,-10.14032076251834,-7.907989955445329,13.68870403103504,-24.913217222509196
2001-03-02,-9.032386907995612,-7.151249019119296,13.650317505147202,-24.472287350105635
2001-03-03,-9.07525292526622,-7.691101862194905,15.942420675863552,-25.597189488247572
2001-03-04,-8.945725165517294,-7.743643963131574,16.44184413074951,-27.10105414364731
2001-03-05,-8.041789006872317,-7.708710009239314,15.460100185435442,-28.032697471597587
2001-03-06,-6.961454858735425,-7.626412484326395,16.773020872041442,-27.21302526607367
2001-03-07,-7.471742602947065,-7.225358289302134,16.27865932923456,-28.34188346297008
2001-03-08,-6.968905730405858,-8.78891156332865,17.542528352024057,-29.48511836810361
2001-03-09,-7.440527190335588,-7.017649831095303,18.916733722085425,-28.60144208573376
2001-03-10,-8.497586837251802,-7.831660554086646,17.107158884863857,-28.859095930650557
2001-03-11,-10.106996725443825,-7.33686437427755,17.461017428317646,-29.298195593297855
2001-03-12,-9.584721690739537,-6.7035046961232645,18.08737566410222,-29.453405873346178
2001-03-13,-10.056043705734321,-7.809223594748448,16.587779228760823,-29.80583295483381
2001-03-14,-12.05484853085006,-5.855292398298548,15.222821920972489,-29.067763994829324
2001-03-15,-12.454786516469188,-6.418603983383165,14.336093713341414,-28.558805138679904
2001-03-16,-13.638752117609647,-7.599473891366127,15.146017534692419,-28.950879695040104
2001-03-17,-13.456277849913574,-6.7764141401071765,13.999282725729378,-30.956355965408168
2001-03-18,-13.561995478372317,-6.825694797191639,14.123590106531656,-29.794172110733218
2001-03-19,-15.326762677470034,-9.229923774076694,14.449890726617703,-29.139766962435814
2001-03-20,-15.72672305799697,-9.542256170562744,15.755174710240558,-29.108080826230406
2001-03-21,-16.164700236541222,-9.347323666076308,17.828888278622227,-29.09224223810082
2001-03-22,-15.394462522941605,-10.652459178562571,17.498281892360524,-29.913597498262423
2001-03-23,-15.301221442063206,-11.848571955362944,17.18922741051713,-29.19443733081953
2001-03-24,-14.625843092940071,-12.538326379284005,16.04628216415746,-29.554578291098828
2001-03-25,-14.102693030243719,-14.039534120869732,16.41491289296418,-27.936219534179536
2001-03-26,-14.311337281707381,-13.783057657865003,16.365220679117268,-28.05976178748163
2001-03-27,-13.524768204774976,-14.099721639822734,15.777355290595942,-27.508351047143652
2001-03-28,-13.402006409334557,-13.774871670411448,16.42359259778459,-29.033814838645498
2001-03-29,-13.359083467678191,-14.624467371983078,18.061576907097106,-29.817771420838643
2001-03-30,-14.560704763825502,-15.74007315785177,17.22171322658929,-30.17240167798122
2001-03-31,-13.959292250561912,-16.639936177170128,18.112388126481854,-29.003389290920023
2001-04-01,-12.660360352827276,-17.405057664651803,17.602725487390373,-29.708572063557863
2001-04-02,-13.553659840411878,-19.472781234363413,14.985577330379385,-29.206981740287976
2001-04-03,-14.258796438782094,-18.97703704822557,15.86531522600194,-28.74497117823423
2001-04-04,-15.138550148926274,-19.099776554078773,16.630337253663285,-28.279385187557917
2001-04-05,-14.772212826272684,-20.497851482189652,17.062052408051343,-27.39678118100915
2001-04-06,-15.84772071025278,-19.0329693889669,15.610888771125023,-26.86775366120257
2001-04-07,-17.228279537358862,-19.583705900318787,15.78368920405656,-26.578111684200415
2001-04-08,-18.50684849466741,-21.30808608133996,14.558702865606607,-26.162864273005326
2001-04-09,-18.242819814071698,-20.67864883591652,14.251071998067486,-26.565986526236536
2001-04-10,-17.630523164526092,-22.167113258544735,15.005172182863967,-26.459503955141614
2001-04-11,-16.520244754784024,-21.76708139159593,14.732324821683076,-26.66586436793411
2001-04-12,-16.721743982739167,-23.414639558391805,14.249777522372591,-26.47595443237714
2001-04-13,-18.416975900877066,-24.84924828366541,14.619374837121402,-28.1215228297695
2001-04-14,-17.081341935858255,-24.614099627160517,14.69549165159996,-27.015417062779324
2001-04-15,-17.21933769335908,-23.592494353891095,15.040258369413266,-26.933809410681956
2001-04-16,-17.642463074387887,-23.207290778825982,15.766926049366521,-26.61197603280533
2001-04-17,-20.792226022810883,-23.957710107944134,16.406420024455905,-26.982658996862234
2001-04-18,-19.475320065560986,-23.42554901940994,14.779223580942515,-27.80164086027643
2001-04-19,-19.155683092924104,-24.375778239623443,14.781726417570646,-28.412158257102703
2001-04-20,-19.132961669340574,-24.0843487177225,15.322346668220094,-27.976019194154
2001-04-21,-20.279522568070632,-25.503690838972908,14.650484279392728,-27.2365468859866
2001-04-22,-20.33312091821076,-25.617149180686628,14.932636132803669,-27.395942980164413
2001-04-23,-19.958532794609482,-25.219047912537377,15.029666763530074,-27.654121281671014
2001-04-24,-21.051608490106446,-23.513484014447293,13.741338472147971,-25.527652695720892
2001-04-25,-23.03336871620158,-25.091378096156927,12.751360554688842,-26.139456660514746
2001-04-26,-22.428749958499747,-25.49469320239034,12.905972256592353,-26.036919510794284
2001-04-27,-23.91777213665068,-26.097839433695352,12.97542023674095,-26.65016309558502
2001-04-28,-25.555993530125612,-25.49556402610219,13.548084115969752,-24.839625060068037
2001-04-29,-26.199774257802105,-25.690659914394818,12.69883410473682,-26.287367768516212
2001-04-30,-24.822167387947566,-27.049803525618117,12.772982641231053,-26.931070510608443
2001-05-01,-25.470360767874855,-26.780225157265765,12.404890195622226,-27.98233962704629
2001-05-02,-26.36094546762334,-27.254148050125693,11.66139601421555,-27.593095154793982
2001-05-03,-26.207340767545915,-27.167218646583397,10.479464813343471,-26.841771538248988
2001-05-04,-26.590156712702292,-25.453065780955207,9.702030463935776,-26.460549332208018
2001-05-05,-26.358000049688698,-24.383587862429042,9.860360377132402,-26.53064418551308
2001-05-06,-27.074041876623046,-24.473648662463237,8.601237441589046,-26.63964239031222
2001-05-07,-26.938877025055177,-23.252172622344176,8.546879375835324,-27.251146532976023
2001-05-08,-26.111226334106853,-22.951286485549062,10.718967533178514,-28.783994384351747
2001-05-09,-26.595351556363365,-23.32571805943495,10.29096083572438,-28.613275542212087
2001-05-10,-26.333186141952723,-24.120642285681992,11.753346907252732,-29.826126340681355
2001-05-11,-26.392306732132802,-23.471885387082267,12.222410697065783,-30.791673341897994
2001-05-12,-24.489753442110736,-23.245243572929734,13.530291793033195,-30.80009459698646
2001-05-13,-22.783277482813183,-21.244587749764374,14.739288000554538,-32.883882155412735
2001-05-14,-21.40952501849843,-20.25211884902144,14.236651085120739,-33.70151150992323
2001-05-15,-21.13194574974596,-20.182357914552522,13.870174052261,-34.21886138133302
2001-05-16,-22.736260623372058,-19.428905012146338,13.024232516541003,-34.20092881641059
2001-05-17,-21.263153439032976,-20.66989089409223,11.083519282216304,-32.31568026854053
2001-05-18,-22.171275206116874,-19.60205488278007,11.613569027440029,-31.41519530625766
2001-05-19,-21.932787473129636,-18.10644305925058,11.65931065356268,-30.506141273580983
2001-05-20,-21.42655223626916,-18.180603625494154,12.550473273010782,-30.9229698761184
2001-05-21,-22.803568088923736,-18.713907783042636,12.248401106656027,-30.665466647736423
2001-05-22,-22.950799448668686,-20.287845115725222,13.063142684662642,-31.50919069535419
2001-05-23,-21.300118040663133,-21.180199217496902,14.735900840646346,-30.525808107595683
2001-05-24,-20.661172894418584,-22.407587189991446,15.537970090700858,-31.150046676825358
2001-05-25,-21.248106364752683,-22.72084659856444,15.661644752903468,-31.7082222916369
2001-05-26,-19.249456113013768,-23.71387557187165,13.938826543885611,-31.464726821547824
2001-05-27,-18.74985346192569,-26.117365153383417,13.079189366622046,-31.940246649331236
2001-05-28,-18.266747421688635,-28.384310116816714,11.82017607833356,-32.88122825863952
2001-05-29,-19.198373161026915,-29.793045928559227,9.356384209446418,-32.847043265431765
2001-05-30,-19.587861457262193,-32.118880083062386,9.210339147709687,-31.74720056500476
2001-05-31,-20.001905111072777,-31.369211324278723,9.425564226822646,-33.53904745982792
2001-06-01,-19.545514681877904,-31.008516215799144,9.570146142993844,-30.825827166813497
2001-06-02,-19.939422058079575,-30.446015582616216,8.793383779727648,-33.187875244851455
2001-06-03,-20.784004290281864,-29.945356260921656,9.875331628579485,-33.54365515996366
2001-06-04,-20.42776160355582,-31.64000343372175,9.2141609993699,-32.86147543029394
2001-06-05,-19.691339536637262,-35.11784640044828,8.698722799892339,-30.586964116816368
2001-06-06,-17.57976011512732,-36.48917454303459,8.736774528420034,-31.72867904153492
2001-06-07,-17.78078299471331,-37.72826934615964,8.732549894430115,-30.176837425701535
2001-06-08,-18.142524824615545,-37.74257163377826,8.567437679357349,-32.51992028818226
2001-06-09,-20.375687542854013,-37.27789223917966,9.104087006283747,-32.45858921801659
2001-06-10,-20.015258816999513,-38.17692272336148,9.47575483518779,-33.22589058947317
2001-06-11,-22.076880632611815,-36.75100809826933,7.897770328846508,-32.584047879938346
2001-06-12,-22.416724065029197,-36.022211693994336,6.387123672653204,-33.17493393571383
2001-06-13,-23.19481478723324,-36.30416794506475,6.234384179715777,-33.66701290662013
2001-06-14,-21.305620017975706,-37.16836205112243,6.4900016811949195,-33.983226440672105
2001-06-15,-20.004818451939823,-36.28967919956574,6.909075782623387,-35.25920535824519
2001-06-16,-20.474223535042114,-35.675102773682575,5.785615443015651,-33.1438293274869
2001-06-17,-21.82086517949373,-35.60318848733761,6.440426717471554,-32.749846107169304
2001-06-18,-21.822206163234167,-35.44026523502264,6.858069970138575,-31.872367813883475
2001-06-19,-21.394256014349967,-34.87631943817931,8.516275455166104,-31.095426155791063
2001-06-20,-22.26412745779848,-35.23682283054462,8.493047285328133,-30.73134506242781
2001-06-21,-21.64574919047951,-35.74761092709227,8.136422767118159,-30.252279826483345
2001-06-22,-20.69247192825797,-36.809628354418315,8.311937396762161,-30.45123629698264
2001-06-23,-21.387484970973716,-38.582973804968844,9.019243393253344,-29.96613823001044
2001-06-24,-23.087347007862196,-39.192040010447805,8.320841666218907,-31.09331528569485
2001-06-25,-22.646085265860492,-38.99744664418202,9.200301146298784,-29.324378011581377
2001-06-26,-22.39499827707702,-38.12819374401091,9.270046818338969,-31.316565511820148
2001-06-27,-22.488459492396533,-39.73171684538857,7.236743611619049,-30.931794519706585
2001-06-28,-22.241477801561622,-38.65132681530403,7.181935579764642,-30.6835875354924
2001-06-29,-23.40371201649494,-38.87201236185039,10.303435461416399,-30.57092107145605
2001-06-30,-23.37062832372596,-39.89247905210814,9.777098799703356,-31.956201115723466
2001-07-01,-23.989854395728425,-39.05463166926204,9.098354522917841,-32.561607137683595
2001-07-02,-23.366461102036965,-39.20704657697224,10.385150298801337,-32.14564991759679
2001-07-03,-22.97425776936453,-40.05243094890426,8.010341772730282,-33.242894827866614
2001-07-04,-22.637716702447594,-39.62790416062284,7.581239895391711,-32.80754570175065
2001-07-05,-23.35690674414714,-40.227323540341594,7.26991767791388,-32.01984268993268
2001-07-06,-23.571327546261447,-38.8579267849216,8.567394120624808,-31.1127393556756
2001-07-07,-22.350749271332198,-36.65641272192624,9.732977288087588,-32.68501925377343
2001-07-08,-22.671150591278916,-36.61240615931931,10.389497360760718,-32.56148042617866
2001-07-09,-23.918238419595145,-36.38353521070325,11.87493835292599,-31.929940778121647
2001-07-10,-24.451821506301215,-35.56924244527457,12.693998922344933,-32.50462283221601
2001-07-11,-23.293539807921377,-36.66484804480847,13.686955173495381,-31.902093550667615
2001-07-12,-25.26195844395179,-37.45223623991649,14.532643092567918,-33.130541983331234
2001-07-13,-23.75067793577252,-37.50024888829712,15.716325243678007,-34.62693131619253
2001-07-14,-24.638565895581984,-36.659223474987144,16.65192032609362,-33.01652037509779
2001-07-15,-23.202977292032593,-35.48320721017383,16.574700384947935,-33.354991636906036
2001-07-16,-22.383499890420666,-36.6316649111698,15.135063337421117,-31.374224539966416
2001-07-17,-21.620813455531604,-37.357639816892444,13.478640823763097,-30.143994609564153
2001-07-18,-21.996815005092042,-38.12975146395658,15.032014900013374,-30.116317963932104
2001-07-19,-19.641023847455937,-39.09526438023441,15.012793236871513,-29.449188695471772
2001-07-20,-18.8382338261671,-38.97024471750479,14.020192489300698,-30.173281473653077
2001-07-21,-18.26852349716422,-39.130535728837756,15.3074202555902,-31.617676590290472
2001-07-22,-18.72001328759993,-40.21553148760844,16.799975064511806,-30.487707419091535
2001-07-23,-19.460280080020755,-38.81038207877861,18.87698368505383,-31.467661390807887
2001-07-24,-19.03555067312058,-37.70798009983008,19.325678930163782,-30.468601361430405
2001-07-25,-20.530092503674776,-37.56657110008403,18.460009220420492,-29.916676280414507
2001-07-26,-22.63454970314056,-37.132788618709256,16.98397060081027,-30.140607141850257
2001-07-27,-22.182023344218226,-36.51618228139414,15.988891179019191,-28.919356041618258
2001-07-28,-21.816848280728433,-36.38876215067751,17.076880908190915,-28.248262904467598
2001-07-29,-21.54864213100361,-36.85231063410411,18.051422382914975,-27.853251022753177
2001-07-30,-21.08030276385489,-35.85202267321077,16.615339534682214,-28.83548563046493
2001-07-31,-21.815204038926293,-36.16458761476107,16.859730647563577,-28.147892467428502
2001-08-01,-20.63608546772773,-34.95785879252385,15.010506528790838,-29.13076081931532
2001-08-02,-20.858688798982637,-35.236422459612506,14.54667380583233,-30.100893967877262
2001-08-03,-20.30949424042767,-33.6566573920971,14.62922038463397,-28.817403430929193
2001-08-04,-17.832894522622677,-33.79923246202451,15.822447621235035,-30.07513068140393
2001-08-05,-18.46319128299713,-34.65102898858466,14.091367271126842,-30.157798963372738
2001-08-06,-19.0338021257029,-34.872875435836775,14.54671449344726,-29.871077628203178
2001-08-07,-17.381554096245807,-35.78100976871343,14.313764106550611,-31.54762312645939
2001-08-08,-18.542696758454884,-35.06199603358761,14.133024452448485,-31.27384685923187
2001-08-09,-19.415331401151324,-36.001404088094816,15.94444262172528,-29.800880361717972
2001-08-10,-19.389180477261895,-35.73038395842008,17.00153125807695,-30.43671201316257
2001-08-11,-18.112951580451078,-35.434831310399154,14.455784970053907,-30.967225009535444
2001-08-12,-17.916095296976316,-35.29912110959179,14.64412714014631,-31.511345270043172
2001-08-13,-20.005726610826393,-35.31541357836146,14.831735881560327,-31.68048626753794
2001-08-14,-21.102000371309366,-34.43412569521072,14.902042337907652,-33.04358476949208
2001-08-15,-20.89652042054955,-34.67680159095315,16.19663107031609,-32.27218234067381
2001-08-16,-20.574195322707368,-34.40610834112359,14.456327548042397,-32.06047512650847
2001-08-17,-19.42723097697904,-35.29524226785706,14.528262627511374,-31.15588262222311
2001-08-18,-19.224766764085143,-35.24875302549413,12.748631416220425,-30.84383588744579
2001-08-19,-18.011154024757197,-36.24710969683078,12.501439747770439,-30.397648592289435
2001-08-20,-15.456874966884943,-37.098910613568954,12.251380696962523,-31.468801451108657
2001-08-21,-17.433990119837294,-36.96122146979717,12.05370930925358,-31.328606301667875
2001-08-22,-18.392871215578268,-37.335115018182165,10.872637904048846,-31.703501039430094
2001-08-23,-17.413836161102054,-38.03232969456041,10.958961521404019,-32.241357930070045
2001-08-24,-18.327002910784454,-39.38199942136821,10.574231451538148,-33.58478115877291
2001-08-25,-20.17534072269214,-38.592319675496036,9.786717868293852,-34.730636295293216
2001-08-26,-20.04928490437194,-37.5117984919489,10.38061906309551,-36.26907802575886
2001-08-27,-21.643891894147735,-36.3623057326192,9.510347058228891,-37.31574448075733
2001-08-28,-20.561643489928393,-34.8015579338613,8.946569639602892,-36.52118607147088
2001-08-29,-21.27599642150177,-35.06240639141708,8.06162294659392,-36.47544893498825
2001-08-30,-22.182213132767224,-36.64790502201828,8.832341084917136,-37.4383562435798
2001-08-31,-22.68762875568099,-35.97966650267425,9.798339280417661,-37.34662177252596
2001-09-01,-22.229315395881994,-34.76593472393534,8.86924300263488,-37.954280672034415
2001-09-02,-23.134617066785406,-34.72611859858437,8.946805124162308,-39.0118977159574
2001-09-03,-22.707708741221786,-34.66499302393066,7.701293575407604,-38.69520771238478
2001-09-04,-20.730088139515995,-33.80490289228733,8.290062430415036,-39.31458946041433
2001-09-05,-20.663046251588504,-33.557404767171846,6.890653027182269,-40.63028123524382
2001-09-06,-19.660250614212334,-34.01580517803494,8.271309731390481,-40.733953557562124
2001-09-07,-19.619129010712538,-33.64316573443509,7.2877515907514425,-39.19350475311938
2001-09-08,-19.053333248541943,-35.2370194477366,6.49502609113631,-38.80738721754256
2001-09-09,-16.96524579902231,-36.290835996281594,6.106301549949012,-39.01443538496189
2001-09-10,-15.657099043337857,-37.2440329868841,5.960617376219238,-39.39912117009095
2001-09-11,-14.808593645151586,-37.848215035115864,5.479157780575317,-38.785064851048965
2001-09-12,-14.645061450972754,-38.94613182916348,5.457193962893077,-39.17437668496934
2001-09-13,-15.188234940345291,-37.769396891209354,5.021719865307638,-39.43009231975825
2001-09-14,-15.480287253942887,-39.58578186137343,5.9283667274544305,-40.01361135548015
2001-09-15,-15.90048452826353,-39.09708077541379,5.111883781182419,-40.61053364725703
2001-09-16,-15.751432610491653,-39.03881652997568,7.081518466631862,-39.84154634228712
2001-09-17,-19.23046678460591,-39.274714188297374,8.415445273868642,-38.94104670411292
2001-09-18,-18.19245060767726,-41.51150680278964,9.12721029342004,-39.34091757400107
2001-09-19,-19.961080707082417,-41.23389837332595,8.320848166653182,-40.4240517268324
2001-09-20,-19.263604167252645,-40.42171171425723,8.452891968777628,-39.03409320462242
2001-09-21,-18.731757349385177,-40.78579504165318,7.026597363098874,-38.816172702841214
2001-09-22,-17.88709587893814,-40.506439982352546,4.889841921769316,-40.674955985613906
2001-09-23,-17.28087608221719,-42.12098285705349,3.6825144187500523,-40.954254403113595
2001-09-24,-17.249894236880646,-40.398351544618734,5.439206745753765,-41.9398687563074
2001-09-25,-16.24362369796635,-40.309321052814184,6.965750033924792,-42.52528733371245
2001-09-26,-14.54858283090458,-39.42648956362024,8.258586059107369,-44.27702488496373
2001-09-27,-15.672118738535195,-40.94163961166146,9.0129336729328,-43.90616984084604
2001-09-28,-14.364414983824584,-39.47137357648936,11.112822956135393,-43.98351668816135
2001-09-29,-14.10807002960074,-37.92226449125833,11.896318596972328,-44.265541814060654
2001-09-30,-14.316289243848388,-38.6330238671863,11.271424322251839,-42.7535173328314
2001-10-01,-15.270866636451018,-38.53978747517346,10.252417478367873,-41.36791720677665
2001-10-02,-13.923545462625963,-38.34828562327257,9.843206911084236,-42.47546711835939
2001-10-03,-13.313315881789018,-39.291769635083675,9.841327839935003,-42.00365229046724
2001-10-04,-11.367071095541283,-37.960317308381065,9.00984147331686,-41.524777257428696
2001-10-05,-10.960700814825122,-37.58544993540214,7.581556892440192,-41.35133040943788
2001-10-06,-11.363001664436188,-36.94415560183148,9.713846601069518,-40.898282204084396
2001-10-07,-11.148912615393442,-36.769484294104195,9.700720794004203,-41.0241043843498
2001-10-08,-12.112059375649263,-35.090702628473665,10.698806272835057,-40.27111729028518
2001-10-09,-12.119111336063003,-34.67320115703537,13.535959418833821,-41.75242987989758
2001-10-10,-11.362514655665024,-33.92401465880869,14.170305161074916,-42.46414897301273
2001-10-11,-10.677751356860758,-33.760558173540296,14.036253032235622,-41.76936679659304
2001-10-12,-10.610661405440425,-33.18400577601097,16.35812810763367,-40.413519513136166
2001-10-13,-10.507652924770836,-31.782038920266945,15.438339006947167,-40.02676637453652
2001-10-14,-9.989432277626499,-31.619520051769573,13.451788341127136,-41.189373998779985
2001-10-15,-9.663931339180824,-31.56411088879976,11.77027269173993,-41.34533448538402
2001-10-16,-9.52839022861614,-29.042340258585956,10.439881296561342,-41.850227903880366
2001-10-17,-9.138142373470028,-29.949072694423993,11.605164028634166,-41.65871521834078
2001-10-18,-7.130446266449369,-30.27037939008936,10.84526115356981,-41.122104388394
2001-10-19,-8.165686657397577,-30.69091498857681,10.879122755271966,-41.73510217156122
2001-10-20,-8.441760678444307,-30.05195303388628,11.364816928384132,-41.69714863221125
2001-10-21,-9.020643903100398,-29.482404510106853,10.880522715430141,-42.99439424320823
2001-10-22,-9.192990384027457,-29.447771326797028,9.83276207037913,-42.49927397042186
2001-10-23,-9.409433301892806,-30.158971426848485,11.318732987833588,-42.77677606710572
2001-10-24,-8.083763606823437,-31.177814641341744,11.253462955101575,-42.39597723398804
2001-10-25,-6.533738631790468,-30.048433669921103,10.051404552925488,-44.587841209578436
2001-10-26,-6.200753810666201,-29.961086815052617,9.967678219849711,-45.80473724414313
2001-10-27,-5.287612776174887,-29.05246001473463,10.414434827044397,-45.19825240905879
2001-10-28,-4.62511111395946,-30.104417768212222,9.099629871406073,-44.58358902513922
2001-10-29,-4.652682913712441,-29.164776031182043,9.451182170993036,-43.666013679627895
2001-10-30,-5.715919796316482,-28.433294536943244,10.341457598384979,-44.890484023371584
2001-10-31,-6.078236230016907,-29.76548383609176,9.722857881733615,-45.373701583636354
2001-11-01,-7.027746107620683,-28.64759206678262,12.211124471061439,-46.26447575089999
2001-11-02,-6.381461263945505,-28.027380731897647,12.65691636357188,-46.64930469418988
2001-11-03,-6.567692938508651,-28.9054865820289,12.777332102806483,-45.39979879156899
2001-11-04,-5.727760848167573,-30.334548705947263,13.326609486870902,-45.468532397362125
2001-11-05,-7.173753286009923,-31.23654175743783,13.92327324365515,-46.13967326441338
2001-11-06,-9.277744468333777,-31.501991184300223,15.607411826674175,-45.271576557053166
2001-11-07,-8.058561012117767,-32.150130287510656,15.673487105056875,-46.02628414155545
2001-11-08,-9.170460929231409,-31.72712154487196,15.69204321038594,-46.489035955424065
2001-11-09,-7.661898272852089,-31.909656569370107,15.07305364851151,-46.46804171599696
2001-11-10,-6.390370564770103,-32.17847232861671,14.430884615755318,-46.22184157160639
2001-11-11,-7.8198310890173,-33.02828495697212,13.349127992379563,-44.49257646763421
2001-11-12,-9.171890146126042,-32.672903989209345,13.081936203547967,-44.738035381753306
2001-11-13,-8.440674970869797,-32.58817406466192,12.942456642466258,-44.18010850422401
2001-11-14,-7.666953451750636,-31.921806671558652,11.378509389106117,-46.10757973371684
2001-11-15,-7.237959324692247,-33.99973938960305,11.127094040064494,-45.225260888589865
2001-11-16,-7.007400253183496,-34.80063353430766,10.072343583359954,-44.41013304495972
2001-11-17,-7.7266198598041145,-34.40555946045349,9.314028635425514,-46.76895077087581
2001-11-18,-7.64061010890445,-35.544568994014305,9.165406689435175,-47.07810432694206
2001-11-19,-8.035753191171223,-35.963029716365206,8.640451796451394,-48.10976428817096
2001-11-20,-9.778149087992096,-35.73547381613389,7.781894934056063,-49.099476676123714
2001-11-21,-10.405629254837237,-37.66813555004724,9.521543274223257,-49.04747423142384
2001-11-22,-10.365174105665913,-37.68305871698731,6.766036734968607,-48.75119151675406
2001-11-23,-9.490765646246723,-37.39749504095704,6.101328196995001,-48.307296434579776
2001-11-24,-8.308571988072435,-37.90998369933701,5.160224321263859,-48.90935089174871
2001-11-25,-9.197867017238222,-37.990888567449524,5.981215463261587,-47.54885713101299
2001-11-26,-10.374449227425572,-37.78182808800417,4.498688891935255,-47.10156625326744
2001-11-27,-11.840327692289048,-37.56557204767498,3.9480023012442316,-46.866730221558235
2001-11-28,-11.272218635415966,-36.68431575479871,4.121930515335837,-46.58455339566104
2001-11-29,-11.540313249225097,-36.061811670067335,6.412433348856832,-47.297897137276856
2001-11-30,-12.264118148056856,-36.696992443565186,5.027778087076656,-47.46533652030134
2001-12-01,-12.011614599175832,-36.76505836320535,5.920727153103192,-48.029837739039635
2001-12-02,-11.126716394817498,-36.769932811844704,6.504603927956509,-49.13870427445604
2001-12-03,-11.190859445416676,-35.292447456998566,7.179852536558883,-49.60791335746011
2001-12-04,-12.764687533602965,-33.83649696458689,6.55406205466386,-48.829704005666514
2001-12-05,-13.30423598428951,-32.83329963084321,5.517261315599554,-48.834815506494046
2001-12-06,-14.421384835738358,-33.65980375464012,6.085099494562889,-52.323724426735325
2001-12-07,-12.42297493492578,-33.23809394821864,5.442461422622598,-50.64440932807658
2001-12-08,-12.216999724186422,-34.31670964100362,6.360923980290538,-48.90788367944271
2001-12-09,-10.166101769887838,-32.84508513263753,6.376965301989994,-47.5766804809197
2001-12-10,-10.790563447276408,-32.7447638388977,5.531465560992308,-47.11691853832616
2001-12-11,-10.213045130645924,-32.72512691355715,5.648007661527677,-47.124773869150694
2001-12-12,-9.830389465779678,-33.91154503364613,5.9033496890142505,-46.705440916952085
2001-12-13,-9.391513184555723,-34.67380781690549,6.998326616431143,-47.473727103061805
2001-12-14,-10.947958009838484,-34.26655360629448,6.0913252120799495,-48.71760618362561
2001-12-15,-9.654334868678891,-35.591388380123234,7.522669263377439,-48.22923623218132
2001-12-16,-7.413001981156563,-36.90114846368063,8.66253866599616,-48.93369978169245
2001-12-17,-7.050381527301894,-38.24715705911066,7.4528611221942205,-47.932227048336365
2001-12-18,-6.377863831057555,-38.05651987723305,7.045300064679613,-47.87863239003817
2001-12-19,-5.3600696861037616,-38.121260156371584,9.782310644425488,-47.63963890290279
2001-12-20,-4.949494081677333,-39.49259434124924,11.624669778233985,-48.3443715592635
2001-12-21,-6.88595878386228,-38.34060259901578,13.899139233606999,-48.260756537306904
2001-12-22,-7.951173327158053,-36.6648899705776,14.799431809519493,-49.28224048883908
2001-12-23,-8.525664823683927,-36.002702826087756,14.420018901638858,-48.3999753588949
2001-12-24,-8.939476308010635,-35.48953303220982,15.096311460083044,-47.6467435937098
2001-12-25,-9.734951686198572,-34.12566768312417,15.309737593153239,-47.570872393648784
2001-12-26,-11.290084170544938,-31.80652612438315,16.689221304546916,-48.88580210507088
2001-12-27,-12.05140147459021,-30.75546647117383,16.429565893348844,-50.43527431019001
2001-12-28,-11.560153340539369,-32.22973360349663,15.674223556476397,-50.147904194907596
2001-12-29,-13.679168972447117,-32.960400433063576,15.618613558873966,-49.41887728975578
2001-12-30,-15.016394784565719,-33.79207389205507,14.080391553465262,-50.8680599290859
2001-12-31,-15.268407202905582,-33.48965497926245,16.075331496420166,-51.69827486475721
2002-01-01,-16.17677759623809,-33.16286037070643,16.816606196556492,-50.4252935448961
2002-01-02,-16.863140465268785,-34.280189928058526,15.742155721127778,-50.738518208673305
2002-01-03,-16.418429946682874,-34.68359473004964,13.846036364827814,-52.27004444922781
2002-01-04,-15.494349549031055,-35.15359930779617,14.272544520178846,-51.90363696480625
2002-01-05,-14.97577535017651,-35.205202677914976,14.534715752704228,-51.739219439157715
2002-01-06,-16.246111000859024,-35.53887789461611,15.908644504858252,-50.86188712854816
2002-01-07,-16.14646661278208,-37.34394342914401,17.07933566361631,-50.19160672915296
2002-01-08,-15.037322432580218,-38.58598909151926,17.95488906107444,-49.33962938739955
2002-01-09,-13.905820499824557,-40.121559459611554,18.219363719162402,-49.6361347549986
2002-01-10,-14.690164937395602,-40.017672083535764,18.734747308215855,-48.33330337359425
2002-01-11,-14.481674641758223,-40.931324620914445,17.6301978355528,-48.952946441415364
2002-01-12,-16.159521987484837,-41.31412863798238,15.644736374473629,-48.88802660785501
2002-01-13,-16.808616492780757,-40.252201866296836,15.699009601921981,-48.82024330259034
2002-01-14,-17.17341832433762,-39.354035999498606,15.266171804779097,-49.65333338025661
2002-01-15,-17.58071354043283,-39.695263089231446,16.001770947132723,-49.57593406020257
2002-01-16,-17.908889318956525,-39.191534771335256,16.75146006625793,-50.08053052951542
2002-01-17,-18.555264393498355,-39.75799199456196,17.605196378204536,-51.62580107872135
2002-01-18,-18.242255393273627,-39.31320343473342,19.784059279277947,-52.17247611068049
2002-01-19,-17.369810314175187,-39.168707438595185,19.955711139968262,-50.73718222999484
2002-01-20,-14.93734097788236,-39.41710488496611,20.247055043240337,-51.34873099028985
2002-01-21,-15.687865709818716,-38.94045626661438,20.07548762823177,-51.07995060401713
2002-01-22,-14.161699814997485,-40.2668783586239,19.046315115072094,-51.9281002473506
2002-01-23,-13.149030556927189,-37.95184362314526,17.133216474682932,-51.62102504452603
2002-01-24,-14.109038476565173,-38.19383151711669,16.871103311987206,-50.92557129748109
2002-01-25,-15.366147845945292,-38.62887949377783,16.53826072127473,-50.05509789704762
2002-01-26,-16.34997536495388,-38.283881590296,16.711702944826936,-50.56281251576312
2002-01-27,-17.54873307115086,-37.21318347183562,17.489976824308425,-52.128353425023576
2002-01-28,-18.0758486949657,-36.7551291018197,17.641610414850145,-51.56240239566738
2002-01-29,-17.629616744230297,-36.73275247968066,17.33963652314744,-53.942668920169346
2002-01-30,-18.654741516208894,-38.01878226740276,16.406854993927947,-54.758456461004585
2002-01-31,-18.35083582829271,-37.337005200547615,14.83367810355623,-55.755012391689945
2002-02-01,-19.777665915612896,-37.80529375691683,14.41220940173712,-54.18317473915883
2002-02-02,-19.462791601466545,-36.36153006027437,14.36312607760996,-53.143795247496925
2002-02-03,-19.40455898219461,-35.85286936709167,14.909697549172444,-52.89712250766356
2002-02-04,-19.136953411383242,-37.76342128330625,17.062880957416745,-53.643992590961226
2002-02-05,-18.36175575630009,-39.17381477758001,16.274174316901874,-52.498943183548235
2002-02-06,-15.400227438871418,-39.58779051789686,14.602254381780973,-51.70029926499699
2002-02-07,-16.017725099811795,-40.95646433143924,13.877337134220364,-51.836582313124836
2002-02-08,-15.384479709286808,-40.38068765449092,13.175567189071533,-50.36037099655734
2002-02-09,-14.782839392987581,-39.42077721210412,13.791566910757368,-50.90017875103385
2002-02-10,-14.391327820350126,-39.787785926082194,14.996928432250677,-51.183849428107386
2002-02-11,-13.179067576557404,-38.054215726499756,12.834482902372098,-51.16836863811816
2002-02-12,-11.720577254467038,-39.12587281679573,14.240750232297366,-51.6423448194916
2002-02-13,-11.148655193552763,-41.06643052417416,14.825397290711635,-52.18080558546239
2002-02-14,-12.339742341421738,-42.13191114106793,16.14134450310453,-51.60685507134158
2002-02-15,-12.460948091024802,-41.628669731740395,14.61313062741601,-52.75974400414661
2002-02-16,-12.609629920736834,-41.697643218980325,14.595460098136844,-54.244337745308286
2002-02-17,-13.031866483722025,-43.40845747150335,16.14056510884899,-52.830032589315636
2002-02-18,-11.934296921382906,-44.2633500175979,15.268132430416276,-51.89161411248447
2002-02-19,-9.181834216790145,-45.62217745984318,15.39579719054078,-51.130278396630075
2002-02-20,-9.461814594672623,-43.617836435499704,18.454264018886605,-49.79660903392086
2002-02-21,-9.41903211739362,-44.49703429568884,17.661985597948313,-49.60416712288352
2002-02-22,-8.41583472653487,-42.88486921300723,16.541981605504013,-52.15165953927134
2002-02-23,-10.371311253778249,-42.51889668685134,16.768052432983605,-51.55715870279455
2002-02-24,-8.902350034527194,-41.12594002769085,16.858042705144644,-51.81094622264069
2002-02-25,-9.126296966009471,-40.352342272024465,17.656822764756598,-51.40000413415001
2002-02-26,-7.722625689988455,-39.718337123839355,18.64139917704245,-51.67277020792593
2002-02-27,-6.455642030915694,-39.69109917580694,18.650968306302666,-51.1329745768452
2002-02-28,-7.336801133272407,-40.37469451906379,19.58367412152448,-51.716277425682165
2002-03-01,-7.987645455958171,-41.77103241551501,17.52005272035033,-53.27438340782674
2002-03-02,-7.6931258850170074,-43.317183609202054,16.73751705483349,-53.28424529720726
2002-03-03,-7.085600864891908,-41.602439642698215,17.8337165783647,-52.41248776595858
2002-03-04,-6.095989255005326,-42.143231090011795,16.96117414813566,-51.79651199627525
2002-03-05,-4.747433490042397,-42.15692356269155,17.95152059111559,-52.4377957617111
2002-03-06,-3.1092117379927457,-42.24411372698637,18.028062366501945,-52.28124693697323
2002-03-07,-2.7351372570320396,-40.51601450349784,17.18346433644189,-53.106418353673476
2002-03-08,-0.2999144993486764,-41.663231558822915,17.383743291078122,-52.09324864188302
2002-03-09,0.3016508916645705,-41.21086829013395,18.63955567883581,-50.08641597955311
2002-03-10,0.6127228304372696,-41.30717973368161,19.613513543612612,-50.24842931291172
2002-03-11,2.00037010219439,-41.18917209886609,18.613137526207723,-51.17333798053138
2002-03-12,0.941022489339296,-42.048773734982284,18.03099838728727,-50.710044988178595
2002-03-13,0.4180467114451172,-41.41695376373481,16.889365594929945,-51.10841251441034
2002-03-14,0.724319989364236,-41.82704816343015,17.32946346368887,-50.841064972433166
2002-03-15,2.227729548116368,-41.846909870681465,19.685988620339472,-52.922598905879006
2002-03-16,0.7354450024165378,-42.206933548883036,21.602476719358567,-53.834358951560844
2002-03-17,0.8740190129976707,-43.58854595475999,21.537605675709074,-54.0785126296922
2002-03-18,-1.6392982151687674,-43.0999459866395,21.050987895645836,-54.38436546399391
2002-03-19,-0.47603266297533997,-43.48773849976001,21.274505429020802,-54.62378849205256
2002-03-20,-1.0147306504913094,-45.01625748505181,20.281212548096264,-52.94112597752416
2002-03-21,-0.9488206845613396,-44.72848197772015,21.28924195819709,-53.73995208011345
2002-03-22,-2.841457978803045,-44.05994498894031,21.436941528317803,-53.23281020734927
2002-03-23,-2.4945993348006845,-45.33227127041994,21.681825129244547,-53.95734868123134
2002-03-24,-2.4454796281290294,-44.84495302309096,22.909829027744916,-55.93451834181012
2002-03-25,-0.22802318357396523,-45.0747925806551,22.900618433316097,-55.236164244077
2002-03-26,-0.23154193088143263,-44.42800830520156,23.500379742915204,-55.75224635870343
2002-03-27,0.6289176468898421,-44.256471104150286,25.794187700156115,-54.990608504755585
2002-03-28,0.8851610231013824,-43.45203988551328,25.209943227323237,-55.74285231625089
2002-03-29,1.1330720928014009,-43.844540292792956,25.87171550835473,-57.09992110750916
2002-03-30,1.4941747375891854,-43.20544028944195,27.64742320903076,-56.91539117853408
2002-03-31,0.03705927995135516,-41.90055862269039,27.679580374059192,-58.21643548492223
2002-04-01,-0.054238556287618686,-41.45258360165338,27.380743652278678,-58.190028212090624
2002-04-02,1.0981394218044545,-42.711838338026794,27.01149529023036,-57.930608004897344
2002-04-03,0.962816128787309,-43.51640082082415,26.388005022593276,-57.751779228084466
2002-04-04,2.323534794183811,-45.277410586747465,26.251717799408937,-56.411903256772476
2002-04-05,3.6573305333848776,-46.19012409263594,25.847036268997467,-56.532591752187116
2002-04-06,2.1867937734462917,-44.8009284387723,26.38015839836182,-55.96852750143157
2002-04-07,2.8609375881179138,-45.42780495124242,26.868554031733378,-56.9209319881332
2002-04-08,1.1867516168320085,-44.44311490599413,27.541786872889553,-58.247106381566546
2002-04-09,0.9851041150276986,-44.91322024187684,26.762662382117266,-58.44398776586213
2002-04-10,1.6886554487988303,-45.57923623570744,27.35801395193561,-56.83184228119626
2002-04-11,2.727226105834102,-45.95047141885679,26.847081435864272,-58.17273551519473
2002-04-12,3.4417101694440877,-45.758146544644035,26.05313632460415,-57.28173794709339
2002-04-13,4.486341466033813,-45.4944173655121,26.350037771977632,-56.322955001730634
2002-04-14,3.4453135635271606,-46.33463495809277,25.610422837596268,-55.57071293137484
2002-04-15,3.169234632271994,-45.469985120666806,25.230260469519,-55.36173979077191
2002-04-16,1.2120951018539072,-46.720870161465335,26.101659122359376,-55.116439786667684
2002-04-17,2.4186222020693977,-47.575053583380544,25.408318907234655,-55.97584768779641
2002-04-18,2.7776978302690627,-48.96730561769676,26.97068244106879,-56.8029977513586
2002-04-19,3.9417459181490946,-48.12024636663738,28.81789247403662,-57.01005835728666
2002-04-20,3.373459906228457,-50.40164214435208,30.12544706851772,-55.304124766832516
2002-04-21,3.8423656762268457,-50.34035250438449,28.804617311589535,-54.920385235588974
2002-04-22,3.822435400493207,-49.92214300981294,29.05988255737284,-53.61315060937853
2002-04-23,3.784683928902375,-49.47610426291819,27.856738555299735,-55.588548238837085
2002-04-24,5.213402092035083,-49.80005370332765,28.80680477959009,-55.92089765735909
2002-04-25,5.254758192689614,-50.16748355122093,28.553192235644552,-55.94996726214791
2002-04-26,5.519065417237243,-50.16681363256415,29.39097733356937,-56.66674398567893
2002-04-27,6.0844931748488476,-50.00065190414381,28.419583265625754,-57.17240181808412
2002-04-28,8.117035439984056,-49.90700931411507,26.93106897996783,-55.85424577369134
2002-04-29,7.246234063115537,-50.5418168747529,26.69561546002237,-55.73009162917819
2002-04-30,5.252125035781596,-50.42399891125958,26.193763893374697,-57.164117987229595
2002-05-01,5.485968461444543,-49.856791144160304,26.329207857799847,-59.10961399639493
2002-05-02,3.8393365865118967,-50.51910947704431,26.63716604233346,-60.12177330403889
2002-05-03,3.175983282032572,-51.902008500615295,27.896849610291177,-61.682196057793895
2002-05-04,1.9048631061240986,-53.035769740634315,26.45583091334589,-63.45347804847583
2002-05-05,1.446562189030491,-52.888938347664286,24.670895171625652,-63.63779411064754
2002-05-06,1.9412966206589068,-54.186147196445276,24.73026857651618,-62.36104043035839
2002-05-07,2.0166683876556117,-55.13917454982118,24.49450873760515,-60.6910529857966
2002-05-08,1.4845909888892996,-53.97739133675923,23.973477055940215,-60.853770701302984
2002-05-09,2.625341130836606,-53.02355419424553,22.73746646278972,-62.076039461198555
2002-05-10,3.6455479743831267,-53.35713283943288,23.648672747749167,-62.29782665271138
2002-05-11,4.6670957778364395,-54.21806014805574,23.663418196323754,-61.23025286647528
2002-05-12,4.507046916853264,-54.53142523208729,23.317099308824307,-61.21937742109644
2002-05-13,3.8194635793123473,-54.74713064241766,22.86564332286867,-60.187423839627826
2002-05-14,5.488949942551398,-54.293769099222544,23.61923733120607,-60.04782381908508
2002-05-15,5.312349565087939,-54.12347996727426,22.272673970890708,-59.85885963476574
2002-05-16,5.84215089150786,-53.73099639301908,22.05904764571959,-59.46133019946873
2002-05-17,7.163561809491611,-53.312834666580066,21.899303694129355,-59.94215886300392
2002-05-18,6.327589371001774,-53.91149169729927,22.143984026413037,-60.122383991724604
2002-05-19,5.615437279293919,-53.57023257820016,22.353416266324864,-60.62409823048433
2002-05-20,4.911244294469949,-52.4840293464233,22.847491714826024,-60.89286193385047
2002-05-21,4.403458133724682,-53.37930689478796,23.117647460836853,-60.66526940361832
2002-05-22,3.4009218084159,-53.556757467661825,22.908645363594857,-59.992391776430324
2002-05-23,1.4554921812003572,-53.74243498072499,24.004292971955906,-60.1483924509348
2002-05-24,2.829441870557018,-53.0004244168311,23.169765716603443,-58.11656460494645
2002-05-25,4.565236063442199,-51.49569357072041,22.863382733126155,-59.90162349616993
2002-05-26,4.809326529252784,-51.460452057479436,23.827904181166065,-61.08742098236232
2002-05-27,4.266503316204205,-49.376266866860426,23.23042815851673,-61.49425883046555
2002-05-28,4.3174988805729235,-50.31786485421356,23.067509280884142,-62.046406569666104
2002-05-29,5.423416240001208,-49.31660362988659,22.80416464722312,-60.72039168224072
2002-05-30,4.766939604921199,-49.15296066470972,22.769221983615083,-59.9724528081101
2002-05-31,3.7924854677406894,-49.77588790874531,23.856835182748494,-59.938824757181365
2002-06-01,4.729154449078622,-50.96630114270225,24.135954462354853,-61.01188682045483
2002-06-02,5.618986938842264,-53.55018625547845,25.20921177341834,-61.82626188346838
2002-06-03,7.155627758171957,-54.04998095686695,23.884655743817955,-62.753071834605315
2002-06-04,8.241435248012824,-54.85637907313171,23.395750874504213,-62.576757300624806
2002-06-05,8.276630473589007,-53.399393330895606,23.12418799100085,-59.44606759378567
2002-06-06,8.071120596238664,-53.42049570148552,22.406019774249593,-59.98892080157373
2002-06-07,7.628483302310092,-52.438318464617524,22.173975678834054,-59.58887482048557
2002-06-08,7.533460124573262,-51.566200417263545,20.551648586266083,-58.27885005985429
2002-06-09,6.895861150501968,-51.67318771291483,20.704105084538963,-59.10288983813124
2002-06-10,7.554098251726983,-52.16834274404554,18.482567171672596,-57.70043053026237
2002-06-11,6.380522340231728,-50.28676303097397,18.47147169602786,-57.72955119315028
2002-06-12,5.201843229903824,-50.762871773989765,18.49886250530777,-58.391311258902945
2002-06-13,3.596903952623454,-49.52024279419405,19.263574225837516,-57.41666655614398
2002-06-14,2.5501202626398234,-48.566462478283285,19.498736160370395,-58.63611061222542
2002-06-15,3.2767702888570045,-48.1837467899964,20.043800364901777,-58.52637120699115
2002-06-16,2.8518266426878824,-48.055254375547435,18.668911270787348,-58.43364578564103
2002-06-17,4.043207771666198,-48.28134303653039,20.303567175130073,-58.27081668763242
2002-06-18,4.210906353589561,-48.32291418678362,20.957644973180226,-59.815134333962
2002-06-19,3.992266787676062,-48.42321296968903,19.5846411872553,-59.345694948391944
2002-06-20,3.502461281752617,-48.322838606892496,19.58889174373828,-61.005889464389476
2002-06-21,1.9301823148263864,-48.52375697032658,19.840164811056184,-61.79683801567638
2002-06-22,1.6410642307963577,-49.48563889222409,19.848337560838452,-62.1105648266279
2002-06-23,0.7311732637462817,-48.90295663735728,18.918068429315813,-61.874222808727
2002-06-24,1.106227932071112,-49.32066882995361,19.480733068234585,-61.85445071706357
2002-06-25,0.5896437207564598,-51.437618526527686,20.740013104050963,-60.40488073911658
2002-06-26,-0.8737438352000075,-49.36718940339864,18.53184720047404,-60.54506769542114
2002-06-27,-1.1889010895948642,-49.34728828731969,19.802542164684283,-61.36303823348946
2002-06-28,-2.606890066447283,-49.89938649444935,19.204670359335413,-59.42400559786366
2002-06-29,-2.4054379407216855,-50.398403487885176,17.728659685605397,-60.01155387807012
2002-06-30,-2.5367166925516793,-50.16449410026654,17.171894491446402,-60.09279777118888
2002-07-01,-2.0739548199653024,-49.95104827531058,16.95713128854967,-60.16227141987123
2002-07-02,-1.9768619796478901,-49.55953204145792,18.46710488606215,-59.503285460175604
2002-07-03,-0.8692321651285164,-48.042418012181194,18.717810463831537,-61.657776059398905
2002-07-04,-2.0112309357970335,-47.03479132936451,21.428173326767908,-61.82025201653319
2002-07-05,-0.9859297069682693,-46.22698394314662,19.95304838219658,-63.14442549101261
2002-07-06,-1.8898998068893,-46.6734739096381,19.483305924964963,-63.33215764592569
2002-07-07,-2.7274513749575098,-45.37562934175105,20.717767129772138,-62.36065588130696
2002-07-08,-2.807976098775158,-45.759726718125975,20.715997946732305,-60.468239796267994
2002-07-09,-2.2259829454701903,-44.67290548259119,21.653364277480136,-62.041896577987494
2002-07-10,-1.729682633424213,-43.79956712726297,22.90475283292513,-60.890169343463064
2002-07-11,-1.6400721277809387,-42.32044879401935,22.491951211000195,-60.24010036799509
2002-07-12,-0.6936743586697902,-42.06197928751083,23.235391708302206,-60.534368318616814
2002-07-13,-0.3054894438029607,-42.023966910757196,23.576256653672285,-62.11878543631343
2002-07-14,0.9339654479042427,-42.886361549277645,25.71098468647269,-61.26639628946544
2002-07-15,1.9119417985124814,-43.141007885622976,26.5700679998172,-60.59441102376598
2002-07-16,2.209102126901238,-42.52766374858618,27.283148417537262,-61.19825929979285
2002-07-17,2.436338971933306,-41.77496422260293,26.147154416927204,-59.93841150038382
2002-07-18,1.5717346314011498,-41.6979399644956,25.343859515245896,-59.71359943493546
2002-07-19,1.175685388200803,-39.63126436279104,26.30505654651514,-60.32629386928898
2002-07-20,2.284672113764195,-39.559778902500256,26.655387317213115,-61.020660746418486
2002-07-21,3.244096541253843,-39.52899358185967,28.546255343352477,-60.92250564963396
2002-07-22,4.083853768802231,-39.84376211805894,30.26928985989127,-60.092430110195615
2002-07-23,4.3952057775769635,-40.99288081269565,27.859580327194053,-60.056461170451925
2002-07-24,5.1627945066959375,-39.77377835327766,26.625040485877534,-61.06216218561216
2002-07-25,5.32140288441283,-40.683730653249924,26.78549825314377,-61.16739455424807
2002-07-26,6.383498057850913,-39.90356332671171,26.880714426120814,-62.03157078105234
2002-07-27,5.528699121605435,-40.054870501035005,26.868831227999674,-61.84046574850231
2002-07-28,5.310045185091768,-40.69279489752251,26.25708909367911,-63.34725702808311
2002-07-29,5.766960909511143,-41.94838553001344,26.525735541870443,-63.90204854052629
2002-07-30,6.2372474975564485,-42.75948037951338,25.95001329255235,-63.71208023197068
2002-07-31,5.161633061724963,-43.59572149208081,24.383724939932936,-63.25642771166302
2002-08-01,4.071077500813605,-43.42659827772465,24.822262264452693,-62.83452063169239
2002-08-02,2.475065694004609,-44.676285667101716,26.253101184025525,-60.893068691565226
2002-08-03,2.7700708525322977,-45.160253832719,25.896824798998896,-60.163739542710395
2002-08-04,2.8321457435946606,-44.98322800937883,26.677740805524714,-62.46766035399183
2002-08-05,3.4953312486596158,-44.00027282698735,26.842945429131888,-61.73348620229596
2002-08-06,2.822857332209896,-43.75133320498777,27.744257545390937,-62.27817704698941
2002-08-07,2.1503461970815705,-43.278147472985516,27.944283302455585,-62.57873585999409
2002-08-08,3.3286048720063444,-45.15837357518238,28.775932940070845,-63.3097499618199
2002-08-09,3.7544192055093095,-45.09522252001082,29.166191738179347,-64.8954607273788
2002-08-10,3.466647925597249,-46.44183021655028,29.77613110370325,-66.53890847134139
2002-08-11,4.67525867278829,-47.13902883575702,30.44054545723093,-63.77603067994528
2002-08-12,3.437102116096142,-46.99119159679109,30.111251568691756,-63.29556519708562
2002-08-13,2.953561033800546,-48.35953973779935,31.317554253438672,-63.773897219956936
2002-08-14,3.9307608947976407,-48.65108341094449,32.44697556901621,-62.58582283675911
2002-08-15,4.380718204882192,-49.114957689014226,33.7202251348855,-63.69401020029193
2002-08-16,4.89249008342857,-50.1787391375188,34.62506159929982,-62.41079076031072
2002-08-17,4.803982187879724,-49.930919359953656,34.770574508081474,-62.38630025619274
2002-08-18,5.891552515350879,-49.434015621643844,36.2631742721155,-63.5459791008448
2002-08-19,6.586101880535916,-49.510380819115845,35.24547830111987,-62.15103483354762
2002-08-20,6.9962320042117465,-49.51285906163127,36.473288590607254,-63.78627135868707
2002-08-21,7.110178017038692,-48.505162383875955,35.70287207410833,-65.09909214384695
2002-08-22,6.3888233841303705,-47.625181022266204,34.81761236800064,-62.84101478776217
2002-08-23,5.471751092316392,-48.114031832660146,35.25519705935677,-61.58462124794006
2002-08-24,5.811950885309701,-49.23236631606046,35.5246224567698,-61.261022242545
2002-08-25,6.595242937852094,-49.813267639858,34.05374717462226,-60.57991552971668
2002-08-26,7.359725619274732,-51.494728262503315,32.48209143834012,-61.20385424230094
2002-08-27,6.114285069582493,-52.16805314595096,31.801912996295986,-62.11286811491967
2002-08-28,5.9599662697017575,-50.667284349950904,32.674441863392325,-62.72815895214178
2002-08-29,5.611066771683144,-51.12073565943232,32.78228410659297,-61.38431341628639
2002-08-30,5.62366921365495,-50.51306298066631,33.10467528241124,-61.982746262241484
2002-08-31,3.675314128451576,-51.512704878952945,33.556302420808166,-62.50441139954214
2002-09-01,3.097523705818574,-54.1496961579015,34.306694214134936,-63.37870374084723
2002-09-02,1.3053485346023281,-55.13883579111883,35.16065019062324,-64.02233351430881
2002-09-03,-0.4767838965573268,-55.614387170148724,34.72613370438173,-63.2414610934016
2002-09-04,-2.913430244693056,-55.163960180215014,35.78682690105965,-62.85865743567609
2002-09-05,-2.637934034973008,-55.80015471921867,35.24204888646628,-62.70395695287325
2002-09-06,-2.2392951127528278,-54.41962474541544,34.49128876775275,-62.07764105409556
2002-09-07,-2.5940032049541326,-54.57609632131244,34.4678059564836,-61.10772756272113
2002-09-08,-1.3537722352017074,-54.40347123929508,34.77908290876756,-62.12235683868876
2002-09-09,-0.8129306676988021,-54.61206838845566,35.26012648172135,-61.20801257373803
2002-09-10,-1.5088908228548155,-53.86170392577615,36.58834658636187,-62.412289532809964
2002-09-11,-1.2898227689361308,-53.181980791643184,36.61808841159335,-63.58413817832602
2002-09-12,-2.2443700559929702,-52.59494196435225,36.88986823990259,-64.14084088885859
2002-09-13,-0.9739690527758229,-52.16372153367791,36.226439798852255,-63.551435497429495
2002-09-14,-0.16054333038666413,-52.5620039616714,37.01353769537514,-64.36173591955678
2002-09-15,1.2230265459792387,-52.648555969323546,37.52239941007722,-65.61863024661588
2002-09-16,0.09987301882176669,-53.189533779882694,37.456961782460695,-66.30746929766899
2002-09-17,0.44687969246395953,-51.87212038868292,37.983388439252536,-66.67469468211522
2002-09-18,-1.2506491293638138,-52.473338213543904,38.74566813652823,-67.70673391932742
2002-09-19,0.2050040307079648,-52.08488905740992,40.44305818269382,-66.27530784486173
2002-09-20,2.6555783720003263,-52.24132743385614,41.486508436301406,-64.78619798288115
2002-09-21,0.7318318453731156,-52.37283154644551,41.76502877072632,-63.83009502074626
2002-09-22,0.47736801435413356,-52.41676611423028,40.727858786060324,-64.66920060812707
2002-09-23,-0.3531552102813631,-53.389365571398706,40.73567116080155,-66.14451234768987
2002-09-24,0.4447414682710401,-55.339347923222945,41.24357039990427,-67.41852663328984
2002-09-25,1.0258743249402151,-55.69865400600694,42.00366274582587,-66.27481364036102
2002-09-26,1.2174541956039544,-54.319540461922735,41.25768714250864,-66.69605614430341
